counter,NAME,source_id,RA,DEC,flagbest,flagSIMBAD,library,primary,sepa
0,Achernar,none,24.428523,-57.236753,0,none,UVES+MILES,0,42.040909447628025
7,Canopus,none,95.987958,-52.695661,0,none,UVES,0,4.828099632833481
11,HD001581,4900108950849461248,5.017744,-64.874794,0,OK,UVES,0,47.91912878517364
12,HD002151,4683897617110115200,6.437793,-77.254246,0,SAT,UVES,0,43.41002076605459
16,HD010361,4911306239828325760,24.948186,-56.196448,0,BIN,UVES,0,42.114930289468894
17,HD010647,4912580642524184960,25.622144,-53.740831,0,OK,UVES,0,42.62129727487203
18,HD010840,4712976435488313216,26.137377,-61.018706,0,VAR,UVES,0,40.141503767543256
20,HD011643,4961654629610389376,28.346553,-38.594632,0,OK,UVES,0,48.098692983420385
21,HD011695,4942522955488925696,28.411421,-46.302668,0,SAT,UVES,0,44.101585780795375
22,HD012311,4713424658275847168,29.692478,-61.56986,0,SAT,UVES,0,38.357376813742604
26,HD018242,4748477123328077696,43.469875,-49.889647,0,VAR,UVES,0,33.458400155130505
28,HD018466,5065109121778224768,44.303757,-29.855276,1,OK,UVES,0,42.67194873546225
29,HD018692,5073246882211822720,44.900761,-25.274133,0,OK,UVES,0,45.31744292449845
31,HD020010,5059348952161258624,48.018874,-28.987622,0,SAT,UVES,0,40.767493253162925
32,HD020234,4727337637895749888,48.138166,-57.321549,0,C,UVES,0,29.478885233947054
33,HD020807,4722135642226902656,49.553412,-62.506362,0,DMS,UVES,0,29.06862938298176
34,HD021423,4860808694421129600,51.482675,-35.920885,0,VAR,UVES,0,34.20967013384995
38,HD024616,5084391257193086336,58.497768,-23.137075,0,OK,UVES+XSL+NGSL+MILES,0,38.26248707258207
39,HD024712,5114586492192519168,58.817214,-12.099091,0,VAR,UVES,0,46.951034461382505
41,HD026612,4840555106121661952,62.710789,-41.99357,0,DMS,UVES,0,23.624035003500797
42,HD027256,4676528209144882304,63.606184,-62.473859,0,SAT,UVES,0,22.85092498285511
43,HD027290,4781833626056162688,64.006611,-51.486648,0,VAR,UVES,0,20.407251900436673
44,HD027411,4897544649215563008,64.656215,-22.969721,0,OK,UVES,0,34.851238703843244
45,HD029138,4615219578218188928,63.444685,-84.485793,0,OK,UVES,0,37.522176663784904
46,HD030562,3188395880157173120,72.151605,-5.674044,0,OK,UVES+INDO,0,46.616333386370954
48,HD032667,2960561059245715968,75.971966,-24.388147,0,OK,UVES,0,28.041314707760787
49,HD033256,3212075924646082176,77.182078,-4.456208,0,OK,UVES+INDO+MILES,0,46.13038984862268
51,HD034295,2954791234539940864,78.79442,-28.335263,0,OK,UVES,0,23.366511646539625
52,HD035072,4772547941122028672,79.842229,-50.605967,0,OK,UVES,0,10.435757476496692
53,HD036646,3217181124645104384,83.280607,-1.71736,0,BIN,UVES,0,47.32755978549112
55,HD036959,3017187866581306368,83.754196,-6.009269,0,YSO,UVES,0,43.02529876968014
56,HD037055,3215970150016618880,83.899601,-3.252839,0,CRO,UVES,0,45.70328710070554
57,HD037227,4766376347995853056,83.39371,-57.083133,1,OK,UVES,0,11.680067864927961
59,HD037495,2907306935108521088,84.435907,-28.68969,0,OK,UVES,0,20.960311308397074
60,HD037811,2901273846086933888,84.957666,-32.629216,0,OK,UVES,0,17.14582519890325
61,HD038393,2964000159821218432,86.115794,-22.448386,0,SAT,UVES+MILES,0,26.480902700401764
62,HD039060,4792774797545800832,86.821199,-51.066511,0,SAT,UVES,0,6.361058573672924
63,HD040136,2995725777563537792,89.101223,-14.167699,0,SAT,UVES+INDO,0,34.11092704458022
64,HD042682,5572962581890940160,92.54335,-40.353791,0,VAR,UVES,0,7.789232131192594
66,HD043318,3121655180756368128,93.892771,-0.512189,0,OK,UVES+INDO+MILES,0,47.390735464919004
67,HD045067,3118434397663311360,96.318943,-0.945883,0,OK,UVES,0,46.949205654133785
69,HD045725,3006953165675574272,97.20446,-7.033059,0,Be,UVES,0,40.88572426721941
70,HD046185,2952064789303651200,97.850984,-12.559692,0,OK,UVES,0,35.390950086953595
71,HD046462,5580297801916850048,97.93831,-37.173117,0,VAR,UVES,0,10.885652749419597
72,HD047116,2923818473022846976,99.021083,-24.118768,0,OK,UVES,0,23.94992947027096
73,HD047306,5501284972198817536,98.744083,-52.975609,0,OK,UVES,0,5.5372179982740635
76,HD048915,none,101.287155,-16.716116,0,none,UVES+CALSPEC,0,31.555159525120718
77,HD049131,5584339709742678528,101.379953,-30.948981,0,Be,UVES,0,17.56089570990687
78,HD049331,3098523380258573952,101.905087,-8.998503,0,SAT,UVES+MILES,0,39.28668314117361
79,HD049333,2926942116843379968,101.756181,-21.015403,0,VAR,UVES,0,27.36890742223587
80,HD049888,2952758856018716288,102.533704,-12.584753,0,BS,UVES,0,35.81395779529285
81,HD050241,5478862906452936960,102.04773,-61.941389,0,SAT,UVES,0,14.559482989712148
82,HD050896,2922367976673391232,103.55435,-23.92834,0,WR,UVES,0,24.837179072064856
83,HD051876,2947766145514856064,104.601026,-16.054604,0,OK,UVES,0,32.739147760127935
84,HD054605,none,107.09785,-26.3932,0,none,UVES,0,23.394861781614303
85,HD055892,5509770796785820416,108.140105,-46.759305,0,VAR,UVES,0,8.7591833184881
86,HD057167,3030977013710528768,109.867411,-16.395249,0,EB,UVES,0,33.68866665759155
87,HD058343,3028075299446506880,111.167447,-16.201473,0,Be,UVES+NGSL+INDO,0,34.265318710781386
88,HD058377,5605851482951097600,111.033311,-28.827882,1,OK,UVES,0,22.60142360168667
89,HD058978,5618635367207942400,111.747844,-23.086025,0,Be,UVES,0,28.047516602518243
90,HD059468,5493588665684618752,111.856101,-51.4026,1,OK,UVES,0,11.246978413580933
91,HD059967,5586381090520538880,112.677132,-37.339363,1,OK,UVES,0,16.50429112603902
92,HD060498,5591877995828084992,113.354958,-33.399899,0,OK,UVES,0,19.835828501758904
93,HD061429,5614158258941878144,114.575191,-25.364806,0,EB,UVES,0,27.151767532351457
95,HD062623,5599824647403389952,115.951953,-28.954826,0,ESG,UVES,0,24.737385100951453
96,HD062714,5487758058599409920,115.59908,-56.146016,0,VAR,UVES,0,14.883253366817808
97,HD063077,5588607120530408832,116.395505,-34.172552,0,OK,UVES+NGSL+STELIB,0,20.877734514111147
98,HD064972,5600487068801314048,118.840665,-28.283967,0,VAR,UVES,0,26.755357886801978
99,HD065810,5714859436545926016,119.966865,-18.399217,1,OK,UVES,0,35.664445895230585
100,HD065925,5537802295990019968,119.86819,-39.296947,0,DMS,UVES,0,19.637270272925132
101,HD066698,5597444857563449600,120.925133,-29.418955,0,VAR,UVES,0,26.98895349055801
102,HD066811,5534788672055388032,120.896031,-40.003148,0,SAT,UVES,0,19.918679801043588
103,HD067523,5698015743046182272,121.886037,-24.304324,0,SAT,UVES+NGSL+MILES,0,31.579803372672778
104,HD068761,5541506859905246976,123.114037,-36.989232,0,OK,UVES,0,23.055236596129063
105,HD068808,5519380081746387328,122.999861,-46.644349,0,VAR,UVES,0,18.73010208035236
107,HD072067,5523058154294668544,127.28153,-44.160414,0,Be,UVES,0,22.344748130552784
108,HD073634,5523539671667837952,129.41097,-42.98908,0,OK,UVES,0,24.216183024409805
109,HD074180,5521599549054493696,130.156542,-46.648744,0,SAT,UVES,0,23.476704489226275
110,HD074272,5329412200783621120,130.304704,-47.31713,0,OK,UVES,0,23.39939751570805
111,HD074966,5625409698860914432,131.451462,-36.74299,0,OK,UVES,0,28.629311679179132
112,HD075063,5329941409468845824,131.50685,-46.041529,0,SAT,UVES,0,24.54416313446753
113,HD075276,5329890866290156288,131.828518,-46.155416,0,OK,UVES,0,24.722674253386568
114,HD076131,5316688377342006912,132.939795,-55.808854,0,OK,UVES,0,24.207801119119015
115,HD076341,5524337882746365952,133.502558,-42.485768,0,ELS,UVES,0,27.16413577697562
116,HD076932,5730371484020807808,134.683053,-16.132727,0,OK,UVES+NGSL+INDO+MILES,0,45.2426027614538
117,HD077020,5328473355278379136,134.481495,-48.572909,0,OK,UVES,0,25.81427367233715
118,HD078791,5218900665015560064,136.286721,-72.602707,0,BIN,UVES,0,30.765780329110243
119,HD079698,5300463124771216896,138.231796,-59.413929,0,OK,UVES,0,27.316872844481377
120,HD080057,5423801425726635264,139.016791,-44.898722,0,VAR,UVES,0,29.887260840323613
121,HD080404,5300300156538723328,139.272529,-59.275232,0,SAT,UVES,0,27.833282932916955
122,HD081471,5313280715934982144,140.997225,-51.737081,0,OK?,UVES,0,29.24140707965161
123,HD082668,5306951892646516992,142.805496,-57.034377,0,SAT,UVES,0,29.665452149208463
125,HD083312,5247689452847083264,143.624142,-66.122235,0,Be,UVES,0,30.811366299764217
126,HD083368,5410092611674819840,144.105862,-48.751182,0,VAR,UVES,0,31.8964677874639
127,HD084461,5309205822766572032,145.925977,-53.891282,0,OK,UVES,0,31.779805375575748
129,HD085552,5432365968466188800,147.907927,-38.188636,0,OK,UVES,0,38.850583272876634
130,HD088366,5253294179046079872,152.34122,-61.549009,0,VAR,UVES,0,34.30139564234373
131,HD089587,5358432740734758528,154.760688,-50.716099,0,OK,UVES,0,37.81439139966422
132,HD089736,5365315790907090944,155.069648,-47.69909,0,OK,UVES,0,39.10680210934015
133,HD090132,5441977138905560576,155.872067,-38.00984,0,OK,UVES,0,44.23398062100527
134,HD090177,5255045082580350080,155.724346,-59.624545,0,BS,UVES,0,36.15582549239871
135,HD090264,5245074230075552128,155.742275,-66.901497,0,OK,UVES,0,35.69120253720139
136,HD090772,5351701122540337792,156.85196,-57.638805,0,VAR,UVES,0,37.09340212875784
138,HD091793,5440991156144997504,158.803546,-39.56259,0,C,UVES,0,45.31455199935478
141,HD092305,5199386085968886528,158.867113,-78.607787,0,SAT,UVES,0,38.168832240595535
142,HD092626,5364553966782362752,160.208219,-48.025103,0,BIN,UVES,0,42.1178076412091
143,HD092740,5350370026290390912,160.322983,-59.676916,0,WR,UVES+STELIB,0,38.431366175241216
144,HD093131,5254268071479968512,160.967741,-60.117783,0,WR,UVES,0,38.6556820875164
145,HD094660,5388486280466017536,163.754221,-42.251101,0,VAR,UVES,0,47.06533613627126
146,HD094910,5338220285385672064,164.048242,-60.453558,0,WR,UVES,0,40.06864589971002
147,HD094963,5241879697825137280,164.149111,-61.708969,0,ELS,UVES,0,39.83001396459296
148,HD095950,5338040205991255296,165.775642,-60.91073,0,RS,UVES,0,40.7760866861761
149,HD096917,5340725660047993600,167.177575,-57.065809,0,VAR,UVES,0,42.601800250016375
150,HD097082,5339394082770287232,167.421428,-58.837726,0,VAR,UVES,0,42.15142235920973
151,HD097253,5337669189536576000,167.675194,-60.384477,0,BIN,UVES,0,41.81430235150709
152,HD097534,5337672556798367360,168.150055,-60.317626,0,ESG,UVES,0,42.05850695586175
156,HD100841,5333974693006467328,173.945325,-63.019835,0,SAT,UVES,0,43.85969337921396
158,HD101584,5343168568718268800,175.245022,-55.573837,0,PAGB,UVES,0,47.30029783884162
159,HD101947,5333358794709001216,175.879968,-62.489396,0,VAR,UVES,0,44.871132675300665
161,HD102878,5334608080460780672,177.613654,-62.649382,0,OK?,UVES,0,45.560230239454384
162,HD104111,5334558087036932992,179.856744,-62.830947,0,CRO,UVES,0,46.44309354208291
163,HD104237,5836666564476158336,180.021195,-78.192935,0,HeAB,UVES,0,42.372693561799544
165,HD105056,5856117406232328832,181.457835,-69.573054,0,BS,UVES,0,44.69171435715062
166,HD105071,6052948267023660032,181.473417,-65.546876,0,OK,UVES,0,46.063740945148865
168,HD105211,6053245135154609280,181.720409,-64.613731,0,BIN,UVES,0,46.51274393222825
169,HD106068,6054416870941383296,183.091583,-62.950774,0,OK,UVES,0,47.740742381042395
172,HD109026,5842864786417716608,188.116723,-72.132989,0,SAT,UVES,0,45.89522578125788
174,HD109867,5856874901058844160,189.718163,-67.19305,0,BS,UVES,0,48.406070343708215
245,HD148451,5765239059323778560,258.996811,-87.566273,0,OK,UVES,0,44.45306358836766
353,IC2391_1,5317972984874048000,128.792177,-54.206189,0,OK,UVES,0,21.74512541468881
354,IC2391_2,5321180844402213504,129.098388,-53.036477,0,OK,UVES,0,21.896627868422897
355,IC2391_4,5321196301989898624,129.360132,-52.645236,0,BIN,UVES,0,22.05950969301932
356,IC2391_5,5318049534067120512,129.407558,-54.183732,0,OK,UVES,0,22.103637153132965
357,IC2391_8,5318169866178702976,129.686697,-53.090381,1,OK,UVES,0,22.24989161075098
358,IC2391_10,5318565651704167680,129.764142,-52.71103,0,OK,UVES,0,22.302826799865908
359,IC2391_11,5321582715910437376,129.818869,-52.313833,0,BIN,UVES,0,22.349540079287333
360,IC2391_13,5318113550566048256,129.849352,-53.439769,0,VAR,UVES,0,22.34665449603783
361,IC2391_16,5318541982145960064,129.989994,-53.054727,0,BIN,UVES,0,22.43248233153951
362,IC2391_17,5321626009181506688,130.034796,-51.941559,0,VAR,UVES,0,22.50120040986018
363,IC2391_18,5318117330136955392,129.997381,-53.260959,0,VAR,UVES,0,22.435022044509477
364,IC2391_19,5318083382715884928,130.012621,-53.851784,1,OK,UVES,0,22.4485197570576
365,IC2391_20,5318547273548061824,130.073273,-52.921889,0,SAT,UVES,0,22.484844031354747
366,IC2391_21,5318543425255007872,130.072771,-53.015397,0,VAR,UVES,0,22.482837331270243
367,IC2391_22,5318111351542618496,130.072518,-53.442155,0,OK,UVES,0,22.479590535522764
368,IC2391_23,5318554111133634432,130.202189,-52.801938,1,OK,UVES,0,22.565482898366387
369,IC2391_26,5318501368933313280,130.376101,-52.993935,0,OK,UVES,0,22.665736275510408
370,IC2391_28,5318575448532526848,130.527498,-52.756393,0,DMS,UVES,0,22.763538314972696
371,IC2391_29,5318499822745556992,130.541484,-52.967681,1,OK,UVES,0,22.765885326940165
372,IC2391_31,5318485048061677952,130.579134,-53.100056,0,VAR,UVES,0,22.785602535589707
373,IC2391_33,5317874475508122752,130.551446,-54.15379,0,OK,UVES,0,22.771865217990698
374,IC2391_34,5318486456810851072,130.605777,-53.113984,0,BIN,UVES,0,22.801323206011666
375,IC2391_35,5317887321743547264,130.575903,-53.902269,0,OK,UVES,0,22.78138941906209
376,IC2391_36,5318579606060497408,130.644741,-52.526583,0,OK,UVES,0,22.843512800152606
377,IC2391_40,5318285173154004352,130.899135,-53.524642,0,DMS,UVES,0,22.971280183348757
378,IC2391_41,5318318918726520576,131.204515,-53.078488,1,OK,UVES,0,23.161597895195932
379,IC2391_42,5318270608933694208,131.263436,-53.544378,0,OK,UVES,0,23.187622999168482
380,IC2391_43,5318215495911387136,131.314816,-53.857673,0,BIN,UVES,0,23.21660774519309
381,IC2391_44,5318630973868090496,131.392138,-52.418986,1,OK,UVES,0,23.30367992338442
382,IC2391_45,5318327165064125696,131.390765,-52.934859,1,OK,UVES,0,23.278337325747614
383,IC2391_46,5318323935248518144,131.431726,-52.971701,1,OK,UVES,0,23.301650513294717
384,IC2391_47,5318309534208474112,131.562962,-53.129097,0,DMS,UVES,0,23.375175351350308
385,IC2391_49,5318418939925144448,131.596587,-52.843719,0,VAR,UVES,0,23.406088197946787
386,IC2391_50,5318412686452956800,132.000899,-52.850153,0,OK,UVES,0,23.649718659815484
387,IC2391_52,5318182197020586112,129.749202,-53.023946,0,BIN,UVES,0,22.28809766896278
388,IC2391_64,none,130.357702,-53.089146,0,none,UVES,0,22.652855272165553
389,IC2391_66,none,130.31738,-53.073893,0,none,UVES,0,22.628898428545195
390,IC2391_69,none,130.152471,-53.062809,0,none,UVES,0,22.53000373393182
391,IC2391_74,none,130.708609,-53.033653,0,none,UVES,0,22.86483028474148
392,IC2391_95,none,130.357865,-53.378186,0,none,UVES,0,22.649782348241096
393,IC2391_96,none,130.865624,-52.96086,0,none,UVES,0,22.96123160145298
394,IC2391_97,none,130.866084,-52.959972,0,none,UVES,0,22.961534450426445
395,IC2391_98,none,129.971039,-52.965791,0,none,UVES,0,22.422432670087684
396,IC2391_100,none,130.415279,-52.992787,0,none,UVES,0,22.689337056092654
397,IC2391_101,none,130.491034,-52.870539,0,none,UVES,0,22.738024981835803
398,IC2391_200,none,152.943582,-58.060544,0,none,UVES,0,34.97188508011572
404,Rigel,none,78.634467,-8.201638,0,none,UVES,0,42.12796040709452
417,X0089,4646981136249320832,40.167062,-69.233004,0,OK,+XSL+NGSL,0,33.95058344015867
418,X0122,2993364748147267456,94.702195,-14.845395,0,ChP,+XSL+NGSL+INDO+MILES,0,33.04538667933188
447,X0206,4651961099314703232,77.737621,-71.192838,0,OK,+XSL,0,24.726197166009605
460,X0238,4651957216664541184,78.302855,-71.300162,0,OK,+XSL,0,24.733978206526256
468,X0287,5504529287416164992,104.439342,-52.648466,0,OK,+XSL+NGSL,0,7.5216079433959955
470,X0310,3057302723688977536,114.319546,-4.110982,0,VAR,+XSL+XSL+NGSL+STELIB+INDO+MILES,0,46.71916830134632
472,X0347,5676959889203060096,144.083134,-20.88743,0,ChP,+XSL+MILES,0,47.359595386787575
479,X0358,3117566200092213504,96.495695,-1.813551,0,OK,+XSL,0,46.084800834838425
519,X0422,4685877597088703360,12.3441,-73.47866,0,OK,+XSL,0,42.73099037572557
572,X0504,4687246145432125824,17.622743,-72.826273,0,RSG,+XSL,0,41.32543220046991
573,X0506,4687250268600675712,17.324519,-72.761686,0,RSG,+XSL,0,41.42117977704451
575,X0518,4662061316228099584,76.809084,-66.05512,0,OK,+XSL,0,20.596860269184717
577,X0521,2957939583009621120,81.038042,-24.571143,0,ChP,+XSL+MILES,0,25.905815657840854
578,X0522,2957939686088825472,81.039137,-24.558368,1,OK,+XSL+MILES,0,25.91726442281524
579,X0523,2957940132765349888,81.07702,-24.528721,0,ChP,+XSL+MILES,0,25.931702944986288
580,X0524,4658168495332042112,80.013917,-69.592649,0,VAR,+XSL,0,22.95492993691566
588,X0542,4660601611448785152,80.257128,-65.800672,0,ESG,+XSL+STELIB,0,19.59478950449975
592,X0548,5097726306014470016,62.264241,-15.890849,0,ChP,+XSL+NGSL+INDO+MILES,0,41.94828581367639
594,X0550,5546929513812569856,126.16606,-32.92404,0,BIN,+XSL+NGSL,0,27.572897666241353
599,X0556,3121767949417094528,95.24657,0.239557,0,OK,+XSL,0,48.12653303688305
612,X0570,2984998873403435008,80.587534,-14.397241,0,OK,+XSL+MILES,0,35.643520593059996
614,X0572,2999846575346395264,95.660691,-12.884738,0,OK,+XSL,0,35.00342618448217
615,X0573,5648333210624292224,137.264038,-27.030364,0,OK,+XSL+MILES,0,38.614080549122285
616,X0578,3122668346360478976,91.285692,0.866496,1,OK,+XSL,0,48.8793285689402
617,X0579,3122130169776904832,91.601773,-0.963367,0,DMS,+XSL,0,47.033616682725764
623,X0585,5617564477239812864,108.261138,-24.225575,1,OK,+XSL+NGSL+MILES,0,25.792236731868044
626,X0593,2889759622882091392,91.265184,-32.994091,0,OK,+XSL+NGSL+STELIB,0,15.202095251026332
707,X0755,4688993681762966400,14.090405,-72.459955,0,ESG,+XSL,0,42.423249852901506
708,X0757,4688993402542368512,14.094064,-72.476615,0,ESG,+XSL,0,42.4190592023891
718,X0796,3179824465465177984,72.426017,-13.769669,0,OK,+XSL+INDO+MILES,0,39.04727118260766
719,X0797,4657660795812170368,83.589276,-69.366748,0,RSG,+XSL,0,22.23809067059308
720,X0809,4657766245829931136,85.478037,-68.621876,0,VAR,+XSL,0,21.30842363262687
722,X0821,4657140039643647360,83.60555,-70.394007,0,VAR,+XSL,0,23.19739877387233
723,X0824,4657379389531307008,86.746881,-70.104344,0,OK,+XSL,0,22.599798128111637
725,X0827,4809142471233678208,82.967622,-38.556679,0,ChP,+XSL+NGSL,0,12.92867994562015
726,X0828,3049241929068576640,103.050209,-11.097901,0,OK,+XSL,0,37.35881875108355
727,X0829,2927005918574498304,101.429216,-20.852667,0,OK,+XSL,0,27.480909113225056
729,X0832,3218445979621236992,88.758159,-0.507972,0,OK,+XSL+INDO+MILES,0,47.71908965038909
737,X0841,3034578464047878272,111.6669,-11.587125,0,BIN,+XSL,0,38.79953908077704
738,X0842,3053492881541641600,113.024012,-8.881327,0,OK,+XSL+INDO+MILES,0,41.783143968294965
748,X0861,5525081496202448000,130.177714,-42.34072,0,OK,+XSL,0,24.996367648540378
749,X0863,5709390701922940416,130.211682,-16.345143,0,OK,+XSL+CALSPEC+MILES,0,42.56421972228969
751,X0866,5660878702718068864,148.413511,-22.835673,0,ChP,+XSL+MILES,0,48.78030494484987
788,BD-122669,5735105839354643584,131.664902,-13.357057,0,BIN,+NGSL+MILES,0,45.82598498451844
866,HD018907,5071514326764428544,45.406793,-28.091494,0,OK,+NGSL+MILES,0,43.08479919804259
888,HD029574,3174810211405980032,69.732221,-13.346704,0,VAR,+NGSL+STELIB+INDO,0,40.55494902648492
891,HD031128,4881345510044485120,73.04129,-27.06415,0,OK,+NGSL+CALSPEC+MILES,0,27.10861564213448
894,HD032147,3211461469444773376,75.204163,-5.753672,0,OK,+NGSL+INDO+MILES,0,45.49881660070669
897,HD033793,4810594479418041856,77.919122,-45.018432,0,planet,+NGSL,0,12.291524329788352
901,HD034797,2969549291923535488,79.826304,-18.509547,0,VAR,+NGSL+INDO,0,31.96984501356884
902,HD034816,2988329637719192960,79.89385,-13.176789,0,SAT,+NGSL+STELIB+CALSPEC+INDO,0,37.008194600173
905,HD036395,3209938366665770752,82.864149,-3.677228,0,OK,+NGSL+MILES,0,45.48750004945732
906,HD036960,3017187866581304832,83.76117,-6.002029,0,OK,+NGSL,0,43.03103208353757
909,HD037763,4648162939452971008,82.970133,-76.340914,0,OK,+NGSL,0,28.89088409419343
910,HD037828,3010244175773318144,85.227687,-11.200053,0,ChP,+NGSL+STELIB+INDO+MILES,0,37.65037265743841
911,HD038510,2907902320654958976,86.29027,-26.991789,0,OK,+NGSL,0,22.051782699263303
919,HD044420,3118688251708604928,95.431401,-0.539126,0,OK,+NGSL,0,47.34793445902476
923,HD052089,none,104.656453,-28.972086,0,none,+NGSL,0,20.246322662363443
924,HD052265,3101382419728401408,105.075149,-5.367161,0,planet,+NGSL,0,43.33352431726405
926,HD054361,3045373881522901632,107.014318,-11.923276,0,C,+NGSL,0,37.27403623936283
927,HD055057,3111154810353133184,107.848399,-0.301929,0,VAR,+NGSL,0,48.81415428957264
929,HD057118,2931284534938925696,109.758003,-19.280306,0,ESG,+NGSL,0,30.91725927487223
932,HD059612,5618683092877834368,112.464217,-23.024288,0,BIN,+NGSL+MILES,0,28.374024015166576
934,HD062412,5613806071620843392,115.700635,-26.351326,1,OK,+NGSL,0,26.806176996847107
938,HD065228,5711199471578643200,119.214745,-22.880121,0,SAT?,+NGSL+MILES,0,31.431770137417576
939,HD065354,5593650614728594176,119.262602,-34.378432,0,OK,+NGSL,0,22.38078582588299
944,HD069083A,5541217413464157696,123.48283,-37.678465,0,DMS,+NGSL,0,22.884229682684815
945,HD069830,5726982995343100928,124.599779,-12.632169,0,planet,+NGSL+INDO+MILES,0,42.86658897776485
950,HD072968,5753752736224380544,128.867495,-7.982292,0,VAR,+NGSL+INDO,0,48.971716535413954
952,HD074088,5300811257630147200,129.616085,-62.843239,1,OK,+NGSL,0,24.093783652862328
960,HD078647,none,136.998991,-43.432591,0,none,+NGSL,0,29.112855598619404
962,HD079349,5326028110134118272,137.929322,-48.773183,1,OK,+NGSL,0,27.97533006001659
969,HD082734,5676911545051183872,143.301916,-21.115722,1,OK,+NGSL+MILES,0,46.693593629784715
976,HD089388,5253347574087339776,154.27073,-61.332302,0,SAT,+NGSL,0,35.23736356532262
985,HD096446,5338490937045044096,166.524257,-59.949871,0,VAR,+NGSL,0,41.38755001000891
1176,5,4646535078125821568,47.62925,-68.600939,1,OK,+SPSS,1,31.194761537737325
1179,8,5639391810273308416,130.38567,-32.943028,1,OK,+SPSS,1,30.233763371211364
1180,9,2910503176753011840,89.103083,-27.858989,0,ChP,+SPSS,1,20.60160268958086
1183,12,5332606522595645952,176.42883,-64.841517,0,OK,+SPSS,1,44.31863779078258
1204,40,4855735169813450624,57.094208,-39.143614,0,ChP,+SPSS,1,28.727658096336782
1205,41,5444093531284061568,158.05667,-35.628278,1,OK,+SPSS,1,47.020667640540324
1219,106,4613863502423915008,47.49975,-84.722531,1,OK,+SPSS,1,38.73007234295794
1220,109,2941993086693170176,91.555792,-20.352,1,OK,+SPSS,1,27.701732855336903
1221,110,5575007845317435648,95.802625,-37.691114,1,OK,+SPSS,1,10.202165999084135
1256,167,3186021141200137472,69.447542,-8.819617,1,OK,+SPSS,1,44.762346293394955
1258,173,2921786919133198848,102.23371,-25.396378,1,OK,+SPSS,1,23.143209252549724
1260,175,5612710511362093184,110.83375,-27.789333,0,OK,+SPSS,1,23.44137758857529
1261,177,5538507082940921472,117.88575,-38.476781,0,OK,+SPSS,1,18.85904126828173
1262,181,5242316444456199808,148.84537,-71.302325,1,OK,+SPSS,1,33.856119775120476
1264,186,5860131207828395648,186.67508,-66.205131,0,OK,+SPSS,1,47.753513975543804
1286,230,3022956969731332096,88.789708,-4.168631,1,OK,+SPSS,1,44.07584687395049
1289,237,5353122722363361920,163.80642,-55.3181,0,OK,+SPSS,1,41.418812801776355
1337,344,4659706918202567936,89.198917,-66.651456,0,ChP,+SPSS,1,19.031720082304215
1338,345,4659680529922228096,89.889,-67.020478,1,OK,+SPSS,1,19.337206841708
1339,346,4755812790042069888,89.99425,-66.102475,0,OK,+SPSS,1,18.42850908690267
1340,347,5476400477145058816,90.17225,-66.053897,0,OK,+SPSS,1,18.36687843518402
1341,348,5284204302730217984,90.547333,-66.583092,1,OK,+SPSS,1,18.85996453931075
1342,349,5284151216932205312,90.616167,-66.791306,0,OK,+SPSS,1,19.060507184876478
1352,HD268623,none,73.045833,-66.702222,0,BS,+STELIB,0,22.06030830879857
1353,HD268749,4655363946042099200,73.370833,-69.409444,0,BS,+STELIB,0,24.04951043386895
1354,HD032034,4661730912968569984,73.795833,-67.169444,0,BS,+STELIB,0,22.21486720244018
1355,HD268819,4655136518933846784,73.88525,-69.962528,0,ESG,+STELIB,0,24.382364888228857
1356,HD033133,4662107598784242432,75.783333,-66.678333,0,ELS,+STELIB,0,21.341480900605664
1357,HD033579,4661472149794844288,76.481292,-67.886361,0,ESG,+STELIB,0,22.152009813151945
1360,HD271163,4660612881443486720,79.716667,-65.689444,0,ESG,+STELIB,0,19.617601948124154
1362,GV319,4660366865739053696,82.229167,-66.025,0,OK,+STELIB,0,19.39733325260584
1363,HD269687,4658430831899380736,82.854167,-69.093056,0,ELS,+STELIB,0,22.08116360021496
1364,HD269697,4660124762671796096,82.910083,-67.469889,0,ESG,+STELIB,0,20.58316904459211
1365,HD269698,4660121743354291328,82.925,-67.635,0,BS,+STELIB,0,20.731591488848004
1366,HD036512,3016424530632449280,82.98275,-7.301528,0,SAT,+STELIB,0,41.91813631277441
1367,HD036673,2971266110612490624,83.182542,-17.822306,0,SAT/VAR,+STELIB+INDO,0,31.656249449436988
1368,HD037680,4657273527236871552,83.575,-69.75,0,ELS,+STELIB,0,22.59780450781407
1369,HD269781,4660246228686276096,83.593625,-67.023222,0,ESG,+STELIB,0,20.067827465846207
1370,HD038282,4657686222022977920,84.720833,-69.033611,0,ELS,+STELIB,0,21.786497007433088
1386,HD049933,3113219383954556416,102.707583,-0.540417,0,OK,+STELIB+MILES,0,47.77978658492391
1410,HD086161,1020761860511681024,148.720458,-57.727306,0,ELS,+STELIB+INDO+MILES,0,32.79012505571555
1426,HD093250,724786936769969664,161.187667,-59.565194,0,OK,+STELIB+INDO,0,38.88245210373828
1441,LTT4364,4024224519144742528,176.429167,-64.841389,0,WD,+STELIB+MILES,0,44.31881426591392
1538,2MASSJ05591914-1404488,2997171394834174976,89.829947,-14.080335,0,OK,+CALSPEC,0,34.111583338429995
1546,C26202,5057499161282786432,53.13697,-27.863428,1,OK,+CALSPEC,0,38.179993017205234
1548,ETA1_DOR,5284258831636637440,91.539091,-66.039621,0,BIN,+CALSPEC,0,18.26082078525993
1564,HD14943,4746011090546864640,35.727813,-51.092128,0,OK,+CALSPEC,0,37.7680377113732
1573,HD185975,6342346358822630400,307.078083,-87.472205,1,OK,+CALSPEC,0,44.27839669104642
1579,HD37962,2902205991429301888,85.216524,-31.351107,1,OK,+CALSPEC,0,18.235600193362114
1580,HD38949,2915523482424724224,87.083578,-24.463848,1,OK,+CALSPEC,0,24.31255075574827
1582,HD607537,5493730399606077440,113.363828,-50.584254,0,OK,+CALSPEC,0,12.059925402742465
1593,MU_COL,2901155648586891648,86.499562,-32.306433,0,SAT,+CALSPEC,0,16.94882254907515
1594,NGC2506-G31,3038045185547143936,120.059217,-10.791519,0,OK,+CALSPEC,0,42.512625067246375
1611,SIGMA_ORI,3216486443742786048,84.686521,-2.600078,0,SAT,+CALSPEC,0,46.20545370964642
1616,WD0308-565,4727581523318486912,47.449658,-56.397058,1,OK,+CALSPEC,0,29.903820441536816
2185,HD_29613,3174118893469667328,69.832125,-14.359194,9,OK,+INDO,0,39.60665328991531
2190,HD_30814,2981103853463479040,72.548417,-16.217167,9,OK,+INDO,0,36.78001880173137
2192,HD_31996,2987082722815713792,74.901458,-14.80625,9,OK,+INDO,0,37.13593614324354
2196,HD_33111,3211922645854328832,76.962458,-5.086444,9,SAT,+INDO,0,45.59171414711059
2198,HD_33608,3214665240169427072,77.829917,-2.490778,9,OK,+INDO+MILES,0,47.83550989436619
2200,HD_33904,2983168461421919488,78.232917,-16.205472,9,SAT_VAR_BIN,+INDO,0,34.65527498697724
2206,HD_35369,3015112126066981376,80.986792,-7.808056,9,SAT,+INDO+MILES,0,41.88334070863384
2207,HD_35410,3220473410343579136,81.120458,-0.891333,9,BIN,+INDO,0,48.57830399904809
2211,HD_37043,3017190546641718144,83.85825,-5.909889,9,SAT_BIN,+INDO,0,43.10248268395833
2216,HD_37986,2972016080621222528,85.473708,-15.630556,9,OK,+INDO,0,33.26169316247929
2225,HD_39853,2998706965902558720,88.681792,-11.774194,9,OK,+INDO+MILES,0,36.53722016178517
2228,HD_40536,3011410242215060224,89.767958,-9.55825,9,BIN,+INDO,0,38.61342175729467
2234,HD_41692,3021267123439546496,91.661417,-4.193833,9,OK,+INDO+MILES,0,43.80545502141123
2241,HD_43232,3019816764523863552,93.713875,-6.274778,9,SAT,+INDO,0,41.63448692691211
2245,HD_43827,2944471321481716224,94.423833,-16.815917,9,VAR,+INDO,0,31.079557450291976
2251,HD_44951,3001125513527026304,96.043,-11.530083,9,OK,+INDO,0,36.36205160411489
2255,HD_45674,3119928088506688128,97.196083,-0.572417,9,OK,+INDO,0,47.342823938373364
2257,HD_46184,3000111317134691712,97.846,-12.391944,9,OK,+INDO,0,35.55822931652453
2263,HD_47205,2939555954755196160,99.171,-19.255889,9,SAT_Planet,+INDO+MILES,0,28.802360956185595
2276,HD_51309,2934094096385049728,104.03425,-17.05425,9,SAT_BS,+INDO,0,31.652055197622524
2283,HD_54662,3046582725837564800,107.334375,-10.346556,9,BIN,+INDO,0,38.88105196729976
2285,HD_54810,3059491988786433536,107.557,-4.237111,9,OK,+INDO+MILES,0,44.89891027600134
2295,HD_58526,3055514677265415424,111.463333,-5.774972,9,OK,+INDO,0,44.316076192136144
2300,HD_61935,3041619014955371392,115.311792,-9.551139,9,SAT,+INDO+MILES,0,41.8836386633577
2302,HD_63302,5718988927344562944,116.910542,-15.990694,9,RSG,+INDO+MILES,0,36.51161035444356
2307,HD_64238,5719544455591427712,118.078667,-14.846167,9,OK,+INDO,0,38.02213860498753
2338,HD_76376,5728949987284814848,133.801792,-18.241194,9,OK,+INDO,0,43.054567889761046
2340,HD_76579,5729969440722976768,134.142208,-16.70875,9,VAR,+INDO,0,44.47054567538385
2349,HD_78558,5731252295913584768,137.105167,-15.144778,9,OK,+INDO+MILES,0,47.437205684225404
2440,SAO_149918,2981136563934324224,72.434542,-15.741194,9,VAR,+INDO,0,37.25658330703171
2447,HD_51754,3112836479029139200,104.660583,-0.480472,9,OK,+INDO,0,48.09607887287445
2546,HD016784,5065735499806985856,40.161583,-30.135389,9,BIN,+MILES,0,45.26375897413718
2565,HD026965,3195919528989223040,63.818,-7.652861,9,VAR,+MILES,0,48.27783124545048
2570,HD029065,3185689878960742144,68.549042,-8.97025,9,OK,+MILES,0,44.99967027607877
2577,HD293857,3212100972896623104,77.790333,-4.181778,9,OK,+MILES,0,46.22090932603592
2578,HD034538,2988305826422644224,79.417667,-13.519833,9,OK,+MILES,0,36.820680482018645
2579,HD035155,3014902188065355264,80.577667,-8.666111,9,BIN,+MILES,0,41.15614456370829
2580,HD036003,3210731015768096000,82.10875,-3.499556,9,OK,+MILES,0,45.818196000493636
2581,HD037792,2967141533259094400,85.072625,-19.227167,9,BIN,+MILES,0,29.84189894876856
2583,HD038392,2964001014514075520,86.110583,-22.421889,9,VAR,+MILES,0,26.50778079416462
2587,HD039364,2965792913525710976,87.830417,-20.879083,9,SAT,+MILES,0,27.673019190056156
2589,HD040657,3024622798567336064,90.013958,-3.07425,9,OK,+MILES,0,45.0446476672535
2590,HD041312,2911168969701511424,90.815,-26.284556,9,DMS,+MILES,0,21.888449105242454
2595,HD044889,3006195361643857024,95.995042,-9.068778,9,OK,+MILES,0,38.822486767608616
2597,HD046341,3103079172323686400,98.158292,-6.488472,9,OK,+MILES,0,41.469719646687345
2602,HD050778,2952868119987647744,103.5475,-12.038639,9,SAT,+MILES,0,36.5050478164291
2604,HD055496,2927925629997822336,108.047417,-22.9835,9,ChP,+MILES,0,26.896281752319005
2605,HD056274,3033005406506033664,108.961625,-13.049472,9,OK,+MILES,0,36.64768539592264
2606,HD056577,5618016960638976896,109.153458,-23.315583,9,RSG,+MILES,0,26.930436798265532
2607,HD057060,5617678822143017088,109.66825,-24.558694,9,BIN,+MILES,0,25.946810195661747
2608,HD057061,5616537017987940736,109.677042,-24.954361,9,SAT/BIN,+MILES,0,25.584316153976047
2610,HD060219,5619192029327633664,113.152708,-21.930417,9,VAR,+MILES,0,29.63338161634113
2611,LHS1930,3041081800446305152,113.720667,-10.386139,9,OK,+MILES,0,40.57230908453296
2613,HD061606,3057712223051571200,114.997208,-3.5975,9,VAR,+MILES,0,47.413607256350424
2614,HD061772,3029166186781118336,115.096708,-15.263917,9,OK,+MILES,0,36.48219578298428
2618,BD-182065,5717432740431700480,118.158375,-18.593806,9,DMS,+MILES,0,34.688497147584144
2619,HD064332,3037131942360132480,118.271958,-11.624833,9,S,+MILES,0,41.03784228612763
2631,HD073898,5642296582557070080,129.926958,-29.561083,9,OK,+MILES,0,32.21832614400979
2636,HD075691,5642935536248627456,132.633,-27.709833,9,SAT,+MILES,0,35.20802163472495
2640,HD077338,5649661592466640000,135.302042,-25.527056,9,Planet,+MILES,0,38.43672840738474
2642,HD078541,5650133695272371968,137.012,-25.858528,9,OK,+MILES,0,39.27691755007026
