NGSL_id,source_id,phot_g_mean_mag,phot_bp_mean_mag,phot_rp_mean_mag,bp_rp,phot_variable_flag,non_single_star,has_xp_continuous,phot_bp_n_obs,phot_rp_n_obs,namecsv,SIMBAD,bestfitFLAG,ratioR,chiT,chiTadj,rchi2,rchi2adj,rchi2Badj,rchi2Radj
BD+064990,2720896455287475584,  9.5171833,  9.6918335,  9.1863728,  0.5054607,VARIABLE,      0,true, 22, 22,BD+064990.fits.csv,VAR,  0,   1.09,   0.07,   0.09,   1.18,   1.11,   1.07,   1.14
BD+112998,4458990005388621952,  8.8684120,  9.2352324,  8.3155336,  0.9196987,NOT_AVAILABLE,      0,true, 79, 79,BD+112998.fits.csv,OK,  0,   1.04,   0.04,   0.02,   7.38,   3.00,   3.91,   2.15
BD+172844,1208515290704236032,  7.6149917,  8.7014170,  6.5686417,  2.1327753,NOT_AVAILABLE,      0,true, 34, 34,BD+172844.fits.csv,OK,  0,   0.82,   0.22,   0.11,  14.86,   7.64,   9.54,   5.98
BD+251981,690419295663797760,  9.2307215,  9.3960390,  8.9209652,  0.4750738,NOT_AVAILABLE,      0,true, 77, 76,BD+251981.fits.csv,ChP,  0,   1.21,   0.11,   0.07,  20.45,   8.72,  11.39,   6.18
BD+29366,300268314784686464,  8.6111908,  8.9137564,  8.1281261,  0.7856302,NOT_AVAILABLE,      0,true, 24, 24,BD+29366.fits.csv,OK,  0,   1.12,   0.06,   0.05,   7.96,   5.01,   6.28,   3.89
BD+302512,1284721994948665216,  8.0202570,  8.7514544,  7.1926694,  1.5587850,NOT_AVAILABLE,      0,true, 49, 47,BD+302512.fits.csv,OK,  0,   1.04,   0.04,   0.04,   3.51,   3.33,   3.86,   2.92
BD+302611,1275876252107941888,  8.7275190,  9.3954182,  7.9365087,  1.4589095,NOT_AVAILABLE,      0,true,111,111,BD+302611.fits.csv,OK,  0,   1.08,   0.05,   0.03,   9.86,   5.70,   3.18,   6.97
BD+363168,2096185937305282048,  5.8647346,  8.0406713,  4.5377283,  3.5029430,VARIABLE,      0,true, 28, 28,BD+363168.fits.csv,C,  0,   1.01,   0.09,   0.10,   2.60,   2.54,   3.09,   2.09
BD+413306,2101486923385239808,  8.6545935,  9.0700760,  8.0447464,  1.0253296,NOT_AVAILABLE,      0,true, 44, 44,BD+413306.fits.csv,planet,  0,   1.00,   0.02,   0.02,   1.76,   1.63,   1.89,   1.43
BD-122669,5735105839354643584, 10.1405363, 10.3063154,  9.8344803,  0.4718351,NOT_AVAILABLE,      0,true, 52, 54,BD-122669.fits.csv,BIN,  0,   1.06,   0.03,   0.04,   4.21,   4.20,   3.82,   4.47
BD292091,731253779217024640, 10.1017380, 10.3872423,  9.6383467,  0.7488956,NOT_AVAILABLE,      0,true, 24, 24,BD292091.fits.csv,OK,  0,   1.21,   0.11,   0.06,  13.50,   4.89,   5.37,   4.53
BD371458,955962241512224384,  8.7177391,  9.0567751,  8.1882925,  0.8684826,NOT_AVAILABLE,      0,true, 38, 38,BD371458.fits.csv,OK,  0,   1.30,   0.17,   0.08,  22.90,   8.73,  12.27,   4.90
BD413931,2065901676227318272, 10.0905685, 10.4240637,  9.5801849,  0.8438787,NOT_AVAILABLE,      0,true, 46, 45,BD413931.fits.csv,OK,  0,   1.12,   0.06,   0.04,   8.41,   4.69,   4.75,   4.67
BD423607,2075007556661946880,  9.9451199, 10.2264690,  9.4850407,  0.7414284,NOT_AVAILABLE,      0,true, 43, 45,BD423607.fits.csv,OK,  0,   1.47,   0.23,   0.11,  31.75,   9.98,  14.06,   5.50
BD442051,778947814402602752,  7.9126649,  8.9820414,  6.8778634,  2.1041780,NOT_AVAILABLE,      0,true, 27, 25,BD442051.fits.csv,OK,  0,   1.03,   0.05,   0.04,   3.43,   3.40,   4.80,   1.89
BD511696,791249665893533568,  9.7319536, 10.0392513,  9.2440910,  0.7951603,NOT_AVAILABLE,      0,true, 86, 82,BD511696.fits.csv,ChP,  0,   1.15,   0.09,   0.04,  12.86,   5.29,   5.79,   4.92
BD592723,2012367039189084928, 10.3210325, 10.5819159,  9.8892794,  0.6926365,NOT_AVAILABLE,      0,true, 47, 48,BD592723.fits.csv,BIN,  0,   1.07,   0.04,   0.03,   4.87,   3.61,   1.87,   4.46
BD660268,491805851686912000,  9.7112513, 10.0742779,  9.1634550,  0.9108229,NOT_AVAILABLE,      0,true, 75, 73,BD660268.fits.csv,OK,  0,   1.49,   0.26,   0.09,  42.06,  10.18,  14.29,   5.75
BD720094,558748070956581248,  9.8100138, 10.0451641,  9.4008484,  0.6443157,NOT_AVAILABLE,      0,true, 48, 47,BD720094.fits.csv,OK ,  0,   1.04,   0.02,   0.02,   2.98,   2.95,   2.94,   2.97
CD-259286,3499611306368945536, 10.6748285, 10.9597750, 10.2480755,  0.7116995,VARIABLE,      0,true, 39, 44,CD-259286.fits.csv,VAR,  0,   1.16,   0.13,   0.05,   1.98,   0.97,   1.22,   0.74
CD-621346,6451102215021927040,  9.6596842, 10.0308084,  9.1087160,  0.9220924,NOT_AVAILABLE,      0,true, 52, 50,CD-621346.fits.csv,ChP,  0,   1.01,   0.02,   0.02,   2.48,   2.47,   2.73,   2.28
G021-024,4258375617747092864,  8.2696028,  9.0283766,  7.4209270,  1.6074495,NOT_AVAILABLE,      0,true, 17, 18,G021-024.fits.csv,OK,  0,   1.16,   0.12,   0.05,   9.51,   3.43,   4.09,   2.90
G029-023,2658240166703766016, 10.0837107, 10.3383007,  9.6585245,  0.6797762,NOT_AVAILABLE,      0,true, 29, 28,G029-023.fits.csv,OK,  0,   1.10,   0.05,   0.04,   5.70,   3.69,   3.43,   3.87
G114-26,5762455439477309440,  9.5054350,  9.7675209,  9.0613956,  0.7061253,NOT_AVAILABLE,      1,true, 40, 39,G114-26.fits.csv,BIN,  0,   1.04,   0.03,   0.03,   3.67,   3.43,   3.64,   3.29
G115-58,1011379899590855936, 11.9729252, 12.2198315, 11.5624666,  0.6573648,NOT_AVAILABLE,      0,true, 57, 60,G115-58.fits.csv,OK,  0,   1.34,   0.12,   0.06,   7.25,   4.20,   1.34,   5.40
G12-21,3920615854833203328, 10.0210476, 10.2822046,  9.5888300,  0.6933746,NOT_AVAILABLE,      0,true, 43, 43,G12-21.fits.csv,OK,  0,   1.10,   0.06,   0.03,   6.40,   3.25,   2.80,   3.55
G13-35,3699954179060804864,  9.5262346,  9.7676945,  9.1120262,  0.6556683,NOT_AVAILABLE,      0,true, 52, 50,G13-35.fits.csv,OK,  0,   1.01,   0.02,   0.02,   2.80,   2.72,   2.48,   2.89
G169-28,4565784161044390656, 11.0994158, 11.4012499, 10.6217508,  0.7794991,NOT_AVAILABLE,      0,true, 75, 77,G169-28.fits.csv,OK,  0,   1.29,   0.14,   0.08,  14.14,   6.26,   6.25,   6.30
G18-39,2722849325377392384, 10.2452536, 10.5059080,  9.8131027,  0.6928053,NOT_AVAILABLE,      0,true, 23, 24,G18-39.fits.csv,OK,  0,   1.06,   0.03,   0.03,   3.36,   2.95,   2.23,   3.38
G180-24,1383605782919581824,  9.7329578,  9.9869614,  9.3075914,  0.6793699,NOT_AVAILABLE,      0,true, 38, 39,G180-24.fits.csv,ChP,  0,   1.01,   0.02,   0.03,   2.18,   2.33,   1.93,   2.59
G187-40,1848170611255790848, 10.3607960, 10.6477547,  9.8967352,  0.7510195,NOT_AVAILABLE,      0,true, 55, 55,G187-40.fits.csv,OK,  0,   1.23,   0.12,   0.06,  14.44,   5.89,   7.09,   4.89
G188-22,1800518563283501440,  9.9238825, 10.1837902,  9.4893475,  0.6944427,NOT_AVAILABLE,      0,true, 45, 48,G188-22.fits.csv,OK,  0,   1.11,   0.06,   0.03,   8.14,   4.11,   4.12,   4.12
G188-30,1946297900868982016, 10.7825947, 11.1581497, 10.2266264,  0.9315233,NOT_AVAILABLE,      0,true, 93, 94,G188-30.fits.csv,OK,  0,   1.70,   0.32,   0.12,  43.48,   9.52,  11.70,   7.55
G192-43,1001659495247619584, 10.1713095, 10.4123926,  9.7624979,  0.6498947,NOT_AVAILABLE,      0,true, 46, 45,G192-43.fits.csv,OK,  0,   1.22,   0.12,   0.06,  13.73,   5.27,   5.74,   4.93
G194-22,1032197606073957888,  9.5690498,  9.8213778,  9.1424742,  0.6789036,NOT_AVAILABLE,      0,true, 30, 31,G194-22.fits.csv,OK,  0,   1.36,   0.19,   0.09,  24.23,   7.90,  10.98,   4.63
G196-48,849527046338529024, 10.1749964, 10.4696541,  9.7021351,  0.7675190,NOT_AVAILABLE,      0,true, 52, 50,G196-48.fits.csv,BIN,  0,   1.08,   0.04,   0.04,   5.68,   4.12,   3.84,   4.32
G20-15,4165370682239910144, 10.3521261, 10.7023735,  9.8135071,  0.8888664,NOT_AVAILABLE,      0,true, 57, 56,G20-15.fits.csv,OK,  0,   1.17,   0.11,   0.04,  13.56,   4.66,   4.50,   4.80
G202-65,1406910065012679680, 11.1185064, 11.3080091, 10.7807083,  0.5273008,NOT_AVAILABLE,      3,true, 39, 39,G202-65.fits.csv,BIN,  0,   1.96,   0.36,   0.16,  36.25,   9.51,  13.42,   5.21
G231-52,2203746967971153024, 10.1547136, 10.5012331,  9.6304760,  0.8707571,NOT_AVAILABLE,      0,true, 46, 47,G231-52.fits.csv,OK,  0,   1.33,   0.18,   0.07,  23.15,   7.23,   8.72,   5.98
G24-3,4247355045211154560, 10.3078241, 10.5798111,  9.8610125,  0.7187986,NOT_AVAILABLE,      0,true, 71, 72,G24-3.fits.csv,ChP,  0,   1.03,   0.02,   0.02,   3.18,   3.05,   2.42,   3.42
G243-62,523313040665475968, 11.2308178, 11.7146339, 10.5816097,  1.1330242,NOT_AVAILABLE,      0,true, 57, 54,G243-62.fits.csv,OK,  0,   1.03,   0.04,   0.02,   4.86,   2.18,   2.58,   1.87
G260-36,2249054333150693504, 10.9688635, 11.4290495, 10.3470955,  1.0819540,NOT_AVAILABLE,      0,true, 34, 34,G260-36.fits.csv,OK,  0,   1.03,   0.03,   0.03,   3.09,   2.00,   1.90,   2.08
G262-14,2242990462104401536, 11.2237797, 11.6540422, 10.6166897,  1.0373526,NOT_AVAILABLE,      3,true, 60, 61,G262-14.fits.csv,BIN,  0,   1.01,   0.02,   0.02,   1.98,   2.06,   1.97,   2.14
G63-26,3939515154043771392, 12.0413914, 12.2955475, 11.6229153,  0.6726322,NOT_AVAILABLE,      0,true, 54, 54,G63-26.fits.csv,OK,  0,   1.15,   0.14,   0.09,   8.91,   4.99,   4.38,   5.40
GJ424,1057318835428596096,  8.5276279,  9.4976740,  7.5460792,  1.9515948,NOT_AVAILABLE,      0,true, 48, 47,GJ424.fits.csv,VAR,  0,   1.04,   0.05,   0.04,   5.41,   4.78,   6.20,   3.47
GJ514,3738099879558957952,  8.2052917,  9.2667122,  7.1788421,  2.0878701,NOT_AVAILABLE,      0,true, 40, 37,GJ514.fits.csv,planet,  0,   1.03,   0.05,   0.05,   4.43,   4.28,   4.54,   4.10
GJ551,5853498713190525696,  8.9847488, 11.3731155,  7.5685353,  3.8045802,NOT_AVAILABLE,      0,true,103,100,GJ551.fits.csv,VAR/planet,  0,   1.04,   0.07,   0.06,   6.56,   6.25,   8.14,   4.51
GJ649,4572835535272627712,  8.8236170,  9.9003220,  7.7878761,  2.1124458,NOT_AVAILABLE,      0,true, 58, 56,GJ649.fits.csv,planet,  0,   1.05,   0.06,   0.05,   6.44,   4.64,   4.63,   4.68
GJ651,1359938520253565952,  6.5836673,  6.9485512,  6.0435534,  0.9049978,NOT_AVAILABLE,      0,true, 33, 28,GJ651.fits.csv,planet,  0,   1.07,   0.05,   0.04,   4.57,   4.32,   5.33,   3.45
GJ686,4550763526539955712,  8.7428799,  9.8210335,  7.7107677,  2.1102657,NOT_AVAILABLE,      0,true, 56, 55,GJ686.fits.csv,planet,  0,   1.04,   0.05,   0.04,   6.03,   5.33,   5.83,   4.97
GJ725A,2154880616774131840,  7.8543930,  9.1669903,  6.7059326,  2.4610577,NOT_AVAILABLE,      0,true, 37, 36,GJ725A.fits.csv,DMS,  0,   1.02,   0.05,   0.05,   3.76,   3.52,   4.79,   2.24
GJ758,2046207670631964928,  6.1613078,  6.5559440,  5.5983839,  0.9575601,NOT_AVAILABLE,      0,true, 49, 45,GJ758.fits.csv,DMS/planet ,  0,   1.05,   0.04,   0.04,   5.08,   4.56,   5.13,   4.14
GJ809,2195886971653527168,  7.7567148,  8.7909737,  6.7472963,  2.0436773,NOT_AVAILABLE,      0,true, 53, 48,GJ809.fits.csv,OK,  0,   1.03,   0.05,   0.04,   3.86,   3.73,   4.57,   3.02
GJ825,6583272171336048640,  5.9841042,  6.8927255,  5.0391383,  1.8535872,NOT_AVAILABLE,      0,true, 44, 42,GJ825.fits.csv,VAR,  0,   1.02,   0.04,   0.04,   3.45,   3.47,   3.77,   3.25
GJ876,2603090003484152064,  8.8750591, 10.4530048,  7.6437206,  2.8092842,NOT_AVAILABLE,      1,true, 25, 25,GJ876.fits.csv,planet,  0,   1.04,   0.06,   0.05,   4.43,   4.06,   5.20,   3.02
GJ892,2009481748875806976,  5.2318964,  5.7665758,  4.5502343,  1.2163415,NOT_AVAILABLE,      0,true, 38, 34,GJ892.fits.csv,VAR/planet,  0,   1.07,   0.05,   0.05,   5.47,   4.62,   4.62,   4.65
GJ908,2739689239311660672,  8.1529169,  9.2165709,  7.1208048,  2.0957661,NOT_AVAILABLE,      0,true, 53, 53,GJ908.fits.csv,VAR,  0,   1.04,   0.05,   0.04,   4.85,   3.89,   4.67,   3.24
GJ15A,385334230892516480,  7.2185669,  8.3321238,  6.1677399,  2.1643839,NOT_AVAILABLE,      0,true, 59, 55,GL15A.fits.csv,VAR/planet,  0,   1.10,   0.10,   0.05,   8.63,   5.06,   6.20,   4.10
HD000245,574198614505312000,  8.2682199,  8.5686140,  7.7889280,  0.7796860,NOT_AVAILABLE,      2,true, 38, 38,HD000245.fits.csv,BIN,  0,   1.05,   0.04,   0.04,   4.16,   3.85,   4.22,   3.59
HD002665,421805237748755968,  7.4718328,  7.9160538,  6.8404746,  1.0755792,NOT_AVAILABLE,      0,true, 67, 59,HD002665.fits.csv,OK,  0,   1.15,   0.09,   0.05,  13.56,   7.45,  10.37,   4.36
HD002857,2527043140743265664,  9.9367247, 10.0378218,  9.7242565,  0.3135653,NOT_AVAILABLE,      0,true, 52, 52,HD002857.fits.csv,OK,  0,   1.84,   0.35,   0.15,  46.03,  11.82,  17.38,   5.05
HD002901,418062809410500224,  6.5071044,  7.1739860,  5.7151031,  1.4588828,NOT_AVAILABLE,      1,true,117,110,HD002901.fits.csv,OK,  0,   1.04,   0.04,   0.04,   4.74,   4.49,   4.78,   4.29
HD003360,418001477279154304,  3.6643620,  3.5528686,  3.8135638, -0.2606952,NOT_AVAILABLE,      0,true, 56, 65,HD003360.fits.csv,SAT/VAR,  0,   1.02,   0.03,   0.03,   2.21,   2.14,   2.66,   1.68
HD004727,375010813139050368,  4.4909096,  4.4234943,  4.6080770, -0.1845827,NOT_AVAILABLE,      0,true, 31, 26,HD004727.fits.csv,BIN/SAT,  0,   1.02,   0.03,   0.03,   2.07,   2.18,   2.82,   1.57
HD004813,2473608009504466688,  5.0295434,  5.2996726,  4.6133008,  0.6863718,NOT_AVAILABLE,      0,true, 45, 39,HD004813.fits.csv,OK,  0,   1.07,   0.04,   0.03,   5.03,   3.64,   4.34,   3.07
HD004906,2788908774248323072,  8.5530100,  8.9552765,  7.9728456,  0.9824309,NOT_AVAILABLE,      0,true, 26, 25,HD004906.fits.csv,OK,  0,   1.06,   0.04,   0.04,   4.30,   3.57,   3.71,   3.49
HD005256,575775829575361664,  8.5789690,  8.9656744,  8.0131559,  0.9525185,NOT_AVAILABLE,      0,true, 40, 38,HD005256.fits.csv,OK,  1,   1.00,   0.02,   0.02,   2.20,   1.89,   2.43,   1.41
HD005395,425940947659705600,  4.3455620,  4.8500462,  3.7003021,  1.1497440,NOT_AVAILABLE,      0,true, 58, 55,HD005395.fits.csv,ChP,  0,   1.03,   0.03,   0.03,   3.84,   3.73,   5.15,   2.26
HD005544,2537228466706526208,  7.3161392,  7.8801637,  6.6040087,  1.2761550,NOT_AVAILABLE,      0,true, 35, 33,HD005544.fits.csv,OK,  0,   1.02,   0.03,   0.02,   2.12,   1.91,   2.51,   1.34
HD005916,377025290240929792,  6.6238852,  7.0809183,  5.9920235,  1.0888948,NOT_AVAILABLE,      0,true, 36, 37,HD005916.fits.csv,OK,  0,   1.02,   0.03,   0.02,   2.30,   2.29,   2.79,   1.87
HD006203,2525049829240950144,  5.0785265,  5.6536002,  4.3491483,  1.3044519,NOT_AVAILABLE,      0,true, 30, 29,HD006203.fits.csv,OK,  0,   1.06,   0.04,   0.04,   4.55,   3.84,   3.68,   3.98
HD006210,522711508641389184,  5.6928468,  5.9804621,  5.2390251,  0.7414370,NOT_AVAILABLE,      0,true, 52, 48,HD006210.fits.csv,OK,  0,   1.06,   0.04,   0.04,   5.11,   4.50,   5.23,   3.92
HD006229,2804091414920169344,  8.3878632,  8.7909298,  7.8017960,  0.9891338,NOT_AVAILABLE,      0,true, 34, 37,HD006229.fits.csv,OK,  0,   1.02,   0.02,   0.02,   3.21,   3.43,   4.90,   1.77
HD006255,5034141166325468544,  8.3091764,  9.2518682,  7.3489423,  1.9029260,NOT_AVAILABLE,      0,true, 85, 87,HD006255.fits.csv,OK,  0,   1.04,   0.05,   0.04,   4.94,   3.80,   4.52,   3.21
HD006461,2468375227509401856,  7.4360843,  7.8468108,  6.8430567,  1.0037541,NOT_AVAILABLE,      0,true, 41, 39,HD006461.fits.csv,OK,  0,   1.05,   0.04,   0.04,   4.31,   4.04,   4.43,   3.76
HD006734,2538316124224549376,  6.2167206,  6.6559701,  5.6024508,  1.0535192,NOT_AVAILABLE,      0,true, 27, 26,HD006734.fits.csv,OK,  0,   1.03,   0.04,   0.03,   2.66,   2.69,   3.46,   2.00
HD006755,522534933950730240,  7.5000443,  7.8987370,  6.9123383,  0.9863987,NOT_AVAILABLE,      0,true, 61, 57,HD006755.fits.csv,BIN,  0,   1.07,   0.05,   0.03,   5.87,   3.63,   4.79,   2.53
HD007924,560130775546153344,  6.9401078,  7.3646774,  6.3441491,  1.0205283,NOT_AVAILABLE,      0,true, 43, 37,HD007924.fits.csv,planet,  0,   1.06,   0.05,   0.04,   4.04,   3.73,   4.27,   3.32
HD008491,531667443164972416,  4.4439874,  4.9646015,  3.7697272,  1.1948743,NOT_AVAILABLE,      0,true, 33, 33,HD008491.fits.csv,OK,  0,   1.05,   0.04,   0.03,   3.71,   3.01,   3.38,   2.73
HD008705,2455241320597417856,  4.5115356,  5.1574874,  3.7387409,  1.4187465,NOT_AVAILABLE,      1,true, 71, 70,HD008705.fits.csv,OK,  0,   1.05,   0.04,   0.04,   4.79,   4.13,   3.23,   4.69
HD008724,2593188145361730432,  7.9686813,  8.5332861,  7.2408996,  1.2923865,NOT_AVAILABLE,      0,true, 36, 33,HD008724.fits.csv,OK,  0,   1.15,   0.10,   0.04,  13.56,   5.35,   6.24,   4.63
HD009051,5040300909638155520,  8.6883421,  9.1326113,  8.0615387,  1.0710726,NOT_AVAILABLE,      0,true, 46, 44,HD009051.fits.csv,OK,  0,   1.14,   0.09,   0.04,  11.52,   5.18,   6.25,   4.30
HD009826,348020482735930112,  3.9661331,  4.2386155,  3.5156913,  0.7229242,NOT_AVAILABLE,      0,true, 26, 28,HD009826.fits.csv,SAT/planet,  0,   1.12,   0.06,   0.05,   7.17,   3.38,   3.74,   3.11
HD010380,2562091860584132096,  3.9701409,  4.7015080,  3.1475546,  1.5539534,NOT_AVAILABLE,      0,true, 24, 24,HD010380.fits.csv,OK,  0,   1.07,   0.05,   0.04,   4.07,   2.99,   2.83,   3.11
HD010780,512167948043650816,  5.4103966,  5.8130040,  4.8419757,  0.9710283,NOT_AVAILABLE,      0,true, 59, 57,HD010780.fits.csv,VAR,  0,   1.01,   0.02,   0.03,   2.45,   2.45,   2.18,   2.63
HD011964,2462426800883134336,  6.2218833,  6.6247096,  5.6441274,  0.9805822,NOT_AVAILABLE,      0,true, 36, 32,HD011964.fits.csv,planet,  0,   1.08,   0.05,   0.04,   4.90,   3.92,   3.82,   4.00
HD015089A,517650349234855424,  4.6340737,  4.6409078,  4.5222402,  0.1186676,NOT_AVAILABLE,      0,true, 42, 37,HD015089.fits.csv,DMS/VAR,  0,   1.25,   0.10,   0.11,  11.30,   5.45,   8.16,   1.90
HD016031,5171417602530766976,  9.6433973,  9.8832197,  9.2328825,  0.6503372,NOT_AVAILABLE,      0,true, 45, 44,HD016031.fits.csv,planet,  0,   1.02,   0.02,   0.02,   2.45,   2.45,   2.44,   2.47
HD017072,4646981136249320832,  6.3951731,  6.7532153,  5.8505230,  0.9026923,NOT_AVAILABLE,      0,true, 27, 25,HD017072.fits.csv,OK,  1,   1.00,   0.02,   0.02,   1.64,   1.55,   1.88,   1.28
HD018078,459767388524499712,  8.2160301,  8.3294668,  7.9865890,  0.3428779,VARIABLE,      0,true, 39, 40,HD018078.fits.csv,VAR,  0,   0.99,   0.05,   0.04,   2.88,   1.95,   2.24,   1.71
HD018907,5071514326764428544,  5.6436329,  6.0739274,  5.0385561,  1.0353713,NOT_AVAILABLE,      0,true, 58, 51,HD018907.fits.csv,OK,  0,   1.09,   0.06,   0.03,   8.61,   4.36,   5.84,   2.90
HD019308,138972467251590656,  7.2212119,  7.5382566,  6.7344155,  0.8038411,NOT_AVAILABLE,      0,true, 23, 22,HD019308.fits.csv,OK,  0,   1.07,   0.05,   0.03,   3.53,   2.63,   3.32,   2.03
HD020039,544027809281308544,  8.6851835,  9.0779276,  8.1121445,  0.9657831,NOT_AVAILABLE,      1,true, 58, 58,HD020039.fits.csv,BIN,  0,   1.00,   0.02,   0.02,   2.76,   2.64,   3.26,   2.11
HD020305,29918952638033536,  7.8000126,  8.7426414,  6.8437438,  1.8988976,NOT_AVAILABLE,      0,true, 25, 24,HD020305.fits.csv,OK,  0,   1.03,   0.04,   0.04,   3.03,   2.95,   3.27,   2.72
HD020512,30321099016072320,  7.2216768,  7.6201558,  6.6464877,  0.9736681,NOT_AVAILABLE,      2,true, 23, 24,HD020512.fits.csv,BIN,  0,   1.05,   0.04,   0.04,   2.97,   3.00,   3.85,   2.23
HD021581,3264098320880651008,  8.4418259,  8.9020748,  7.7973199,  1.1047549,NOT_AVAILABLE,      0,true, 22, 19,HD021581.fits.csv,ChP,  0,   1.04,   0.04,   0.03,   3.97,   3.89,   4.45,   3.46
HD021742,450244995054087168,  7.8562179,  8.2710667,  7.2739530,  0.9971137,NOT_AVAILABLE,      0,true, 49, 46,HD021742.fits.csv,OK,  0,   0.97,   0.06,   0.03,   4.59,   2.69,   3.71,   1.65
HD021770,241996500618616960,  5.1920724,  5.4076438,  4.8396473,  0.5679965,NOT_AVAILABLE,      0,true, 38, 33,HD021770.fits.csv,OK,  0,   1.31,   0.13,   0.11,  23.24,  10.72,  11.88,   9.86
HD022694,56861694804053120,  8.0331535,  8.4685946,  7.4232588,  1.0453358,NOT_AVAILABLE,      2,true, 33, 32,HD022694.fits.csv,VAR,  0,   1.05,   0.04,   0.04,   2.90,   2.90,   3.50,   2.40
HD022879,3250489115709122560,  6.5357571,  6.8216486,  6.0749631,  0.7466855,NOT_AVAILABLE,      0,true, 30, 29,HD022879.fits.csv,ChP,  0,   1.06,   0.04,   0.04,   4.18,   3.49,   3.76,   3.29
HD023439A,231113736385994624,  7.9109201,  8.3096800,  7.3325033,  0.9771767,NOT_AVAILABLE,      0,true, 44, 42,HD023439.fits.csv,EB,  0,   1.00,   0.02,   0.02,   2.14,   2.06,   2.52,   1.67
HD024616,5084391257193086336,  6.4524870,  6.8834033,  5.8414974,  1.0419059,NOT_AVAILABLE,      0,true, 55, 51,HD024616.fits.csv,OK,  0,   1.05,   0.04,   0.04,   5.06,   4.91,   6.26,   3.69
HD025329,219057458247921536,  8.2321091,  8.6972532,  7.5901484,  1.1071048,NOT_AVAILABLE,      0,true, 51, 47,HD025329.fits.csv,OK,  0,   1.04,   0.03,   0.03,   4.12,   3.80,   4.71,   3.01
HD025893A,225709641034907264,  7.0351396,  7.4389310,  6.4489446,  0.9899864,VARIABLE,      0,true, 52, 52,HD025893.fits.csv,VAR/DMS,  0,   1.00,   0.04,   0.03,   3.21,   2.47,   2.66,   2.34
HD025975,225643223661003392,  5.8268695,  6.2937202,  5.1950274,  1.0986929,NOT_AVAILABLE,      0,true, 43, 42,HD025975.fits.csv,OK,  0,   1.15,   0.09,   0.05,  11.58,   4.82,   4.97,   4.74
HD026297,5097726306014470016,  7.0985155,  7.7109160,  6.3433785,  1.3675375,NOT_AVAILABLE,      0,true, 39, 33,HD026297.fits.csv,ChP,  0,   1.04,   0.03,   0.03,   3.10,   2.73,   3.04,   2.51
HD027295,49415527182759296,  5.4806013,  5.4408331,  5.5323744, -0.0915413,NOT_AVAILABLE,      0,true, 46, 36,HD027295.fits.csv,VAR,  0,   1.03,   0.04,   0.04,   2.86,   3.26,   4.52,   1.90
HD028343,145421309108301184,  7.7041116,  8.5431433,  6.8045001,  1.7386432,NOT_AVAILABLE,      0,true, 53, 49,HD028343.fits.csv,VAR,  0,   1.07,   0.06,   0.06,   6.48,   5.78,   5.53,   5.99
HD028946,3282511876473223552,  7.7240057,  8.1132336,  7.1628580,  0.9503756,NOT_AVAILABLE,      0,true, 68, 65,HD028946.fits.csv,OK,  0,   1.03,   0.03,   0.03,   3.10,   3.09,   3.19,   3.04
HD028978,3282524177258336512,  5.6662173,  5.6923218,  5.5888138,  0.1035080,NOT_AVAILABLE,      0,true, 62, 56,HD028978.fits.csv,OK,  0,   1.29,   0.16,   0.08,  25.22,   7.30,  10.72,   3.12
HD029391,3205095125321700480,  5.1411705,  5.2874370,  4.8921456,  0.3952913,NOT_AVAILABLE,      0,true, 48, 44,HD029391.fits.csv,planet,  0,   1.03,   0.03,   0.03,   3.11,   2.20,   2.49,   1.98
HD029574,3174810211405980032,  7.7976031,  8.5927992,  6.9176750,  1.6751242,NOT_AVAILABLE,      0,true, 62, 58,HD029574.fits.csv,VAR,  0,   1.01,   0.02,   0.02,   2.24,   2.36,   1.93,   2.64
HD030614,482818271843093376,  4.2128644,  4.2284613,  4.1490684,  0.0793929,NOT_AVAILABLE,      0,true, 50, 47,HD030614.fits.csv,SAT,  0,   1.03,   0.02,   0.02,   2.90,   2.74,   3.69,   1.81
HD030834,198271397081746560,  4.2805309,  5.0386100,  3.4402301,  1.5983799,NOT_AVAILABLE,      0,true, 40, 38,HD030834.fits.csv,OK,  0,   1.03,   0.03,   0.03,   3.34,   3.26,   2.73,   3.60
HD031128,4881345510044485120,  8.9904594,  9.2535887,  8.5491400,  0.7044487,NOT_AVAILABLE,      0,true, 57, 56,HD031128.fits.csv,OK,  0,   1.11,   0.05,   0.05,   8.98,   6.45,   7.79,   5.33
HD031219,477917989034088448,  8.0116062,  8.2890959,  7.5696435,  0.7194524,NOT_AVAILABLE,      0,true, 47, 46,HD031219.fits.csv,OK,  0,   1.18,   0.11,   0.05,  12.12,   4.47,   5.87,   3.13
HD031421,3296329370379163520,  3.7191608,  4.3449140,  2.9813063,  1.3636076,NOT_AVAILABLE,      0,true, 41, 44,HD031421.fits.csv,SAT,  0,   1.04,   0.04,   0.04,   4.06,   3.18,   3.17,   3.20
HD032147,3211461469444773376,  5.8864918,  6.4363804,  5.1868930,  1.2494874,NOT_AVAILABLE,      0,true, 45, 40,HD032147.fits.csv,OK,  0,   1.06,   0.05,   0.04,   4.85,   4.10,   3.68,   4.40
HD033564,553480551264062848,  4.9560766,  5.2075171,  4.5652957,  0.6422215,NOT_AVAILABLE,      0,true, 37, 31,HD033564.fits.csv,planet,  0,   0.99,   0.03,   0.03,   2.43,   2.38,   2.08,   2.59
HD033793,4810594479418041856,  8.0635519,  9.0862436,  7.0595980,  2.0266457,NOT_AVAILABLE,      0,true, 48, 45,HD033793.fits.csv,planet,  0,   1.01,   0.03,   0.03,   3.68,   3.70,   5.22,   2.04
HD034078,182071570715713024,  5.9396739,  6.0845661,  5.6446724,  0.4398937,NOT_AVAILABLE,      0,true, 22, 22,HD034078.fits.csv,VAR,  0,   0.96,   0.06,   0.02,   5.62,   2.19,   2.79,   1.65
HD034411,188771135583573504,  4.5258846,  4.8482485,  4.0574579,  0.7907906,NOT_AVAILABLE,      0,true, 47, 42,HD034411.fits.csv,OK,  0,   1.16,   0.09,   0.05,  14.19,   5.96,   6.12,   5.88
HD034414,3446782143478798976,  8.0346403,  8.5841055,  7.3294239,  1.2546816,NOT_AVAILABLE,      0,true, 33, 33,HD034414.fits.csv,OK,  0,   1.05,   0.04,   0.03,   3.86,   3.13,   3.05,   3.20
HD034797,2969549291923535488,  6.5122662,  6.4533815,  6.5826025, -0.1292210,VARIABLE,      0,true, 43, 41,HD034797.fits.csv,VAR,  0,   1.02,   0.04,   0.04,   2.01,   2.12,   2.50,   1.82
HD034816,2988329637719192960,  4.2184691,  4.1034460,  4.4746261, -0.3711801,NOT_AVAILABLE,      0,true, 50, 46,HD034816.fits.csv,SAT,  0,   1.09,   0.05,   0.04,   8.11,   2.96,   4.19,   1.61
HD035296,3400292798990117888,  4.8501883,  5.1300902,  4.4220719,  0.7080183,NOT_AVAILABLE,      0,true, 33, 24,HD035296.fits.csv,VAR,  0,   1.08,   0.05,   0.04,   6.21,   5.18,   6.07,   4.49
HD036395,3209938366665770752,  7.1082892,  8.1913939,  6.0695348,  2.1218591,NOT_AVAILABLE,      0,true, 55, 54,HD036395.fits.csv,OK,  0,   1.02,   0.05,   0.05,   3.96,   4.05,   4.86,   3.40
HD036702,4809142471233678208,  7.9266968,  8.5996780,  7.1302485,  1.4694295,NOT_AVAILABLE,      0,true, 39, 40,HD036702.fits.csv,ChP,  0,   1.11,   0.08,   0.04,   8.91,   4.45,   5.48,   3.57
HD036960,3017187866581304832,  4.7164865,  4.5911174,  4.9639277, -0.3728104,NOT_AVAILABLE,      0,true, 41, 35,HD036960.fits.csv,OK,  0,   1.04,   0.03,   0.03,   3.74,   2.69,   3.64,   1.72
HD037216,263696736979837312,  7.6368628,  8.0173025,  7.0856862,  0.9316163,NOT_AVAILABLE,      0,true, 41, 39,HD037216.fits.csv,OK,  0,   1.22,   0.13,   0.06,  11.69,   4.78,   6.28,   3.37
HD037763,4648162939452971008,  4.8469467,  5.4192619,  4.1454010,  1.2738609,NOT_AVAILABLE,      0,true, 24, 22,HD037763.fits.csv,OK,  0,   1.01,   0.03,   0.03,   2.13,   2.13,   1.98,   2.24
HD037828,3010244175773318144,  6.4954772,  7.1128130,  5.7336798,  1.3791332,NOT_AVAILABLE,      0,true, 37, 37,HD037828.fits.csv,ChP,  0,   1.03,   0.03,   0.02,   3.25,   2.56,   3.52,   1.56
HD038237,3320346999297121536,  7.1484261,  7.2206807,  6.9911551,  0.2295256,NOT_AVAILABLE,      0,true, 47, 44,HD038237.fits.csv,OK,  0,   1.05,   0.04,   0.04,   3.30,   3.51,   5.02,   1.80
HD038510,2907902320654958976,  8.0558577,  8.3356419,  7.5986018,  0.7370400,NOT_AVAILABLE,      0,true, 59, 57,HD038510.fits.csv,OK,  0,   1.02,   0.02,   0.02,   3.15,   3.30,   4.59,   1.96
HD040573,3316788773511666944,  7.4740138,  7.4575381,  7.4727783, -0.0152402,NOT_AVAILABLE,      0,true, 33, 32,HD040573.fits.csv,OK,  1,   1.00,   0.04,   0.04,   2.75,   2.06,   2.59,   1.61
HD041357,3457292409488611200,  5.3017006,  5.4186492,  5.0888524,  0.3297968,NOT_AVAILABLE,      0,true, 30, 27,HD041357.fits.csv,BIN,  0,   1.02,   0.03,   0.03,   2.40,   2.56,   3.16,   2.02
HD041593,3345968334645285376,  6.5385699,  6.9421654,  5.9583545,  0.9838109,VARIABLE,      0,true, 21, 21,HD041593.fits.csv,OK,  0,   1.05,   0.04,   0.04,   2.81,   2.46,   2.74,   2.25
HD041667,2889759622882091392,  8.2262955,  8.7594690,  7.5294967,  1.2299724,NOT_AVAILABLE,      0,true, 42, 44,HD041667.fits.csv,OK,  1,   0.99,   0.03,   0.02,   3.14,   2.49,   3.44,   1.51
HD041994,3430248306097176832,  7.5221000,  8.0709152,  6.8173060,  1.2536092,NOT_AVAILABLE,      0,true, 25, 27,HD041994.fits.csv,OK,  0,   1.07,   0.05,   0.04,   3.37,   2.47,   2.71,   2.30
HD044007,2993364748147267456,  7.7826772,  8.2469587,  7.1363554,  1.1106033,NOT_AVAILABLE,      0,true, 73, 75,HD044007.fits.csv,ChP,  0,   1.05,   0.04,   0.03,   5.54,   4.47,   5.62,   3.45
HD044420,3118688251708604928,  7.4712725,  7.7980790,  6.9745069,  0.8235722,NOT_AVAILABLE,      0,true, 22, 23,HD044420.fits.csv,OK,  0,   1.17,   0.10,   0.06,   6.90,   3.70,   4.73,   2.78
HD045205,1005125636933905792,  8.3104830,  8.5880938,  7.8545980,  0.7334957,NOT_AVAILABLE,      0,true, 38, 36,HD045205.fits.csv,OK,  0,   1.06,   0.04,   0.04,   5.91,   5.35,   6.07,   4.80
HD052298,5504529287416164992,  6.7886977,  7.0279250,  6.3844395,  0.6434855,NOT_AVAILABLE,      0,true, 34, 32,HD052298.fits.csv,SAT,  0,   1.07,   0.04,   0.04,   3.81,   4.12,   5.43,   2.88
HD055280,990705816813310336,  4.8958821,  5.4430327,  4.2090087,  1.2340240,NOT_AVAILABLE,      0,true, 28, 28,HD055280.fits.csv,OK,  0,   1.05,   0.05,   0.04,   4.28,   3.83,   3.47,   4.10
HD055693,5617564477239812864,  7.0260973,  7.3368769,  6.5453010,  0.7915759,NOT_AVAILABLE,      0,true, 69, 71,HD055693.fits.csv,OK,  0,   1.08,   0.05,   0.04,   6.10,   4.58,   4.83,   4.42
HD057118,2931284534938925696,  5.8939514,  6.2515869,  5.3306584,  0.9209285,NOT_AVAILABLE,      0,true, 56, 52,HD057118.fits.csv,ESG,  0,   1.14,   0.08,   0.04,  10.13,   4.32,   5.00,   3.80
HD058343,3028075299446506880,  5.1530871,  5.1135283,  5.0956669,  0.0178614,VARIABLE,      0,true, 37, 37,HD058343.fits.csv,Be,  0,   0.96,   0.07,   0.11,   1.88,   3.12,   4.82,   0.45
HD059612,5618683092877834368,  4.7652264,  4.9221206,  4.4875326,  0.4345880,NOT_AVAILABLE,      0,true, 55, 48,HD059612.fits.csv,BIN,  0,   1.07,   0.04,   0.04,   5.32,   3.40,   4.82,   1.80
HD060319,3169175179954291968,  8.7919350,  9.0645647,  8.3438540,  0.7207108,NOT_AVAILABLE,      0,true, 22, 21,HD060319.fits.csv,OK,  1,   1.00,   0.02,   0.02,   1.64,   1.64,   1.87,   1.46
HD062412,5613806071620843392,  5.3669548,  5.8538165,  4.7237411,  1.1300755,NOT_AVAILABLE,      0,true, 50, 44,HD062412.fits.csv,OK,  1,   1.00,   0.03,   0.03,   2.62,   2.54,   2.05,   2.85
HD062613,1139252071109797760,  6.3770027,  6.7352443,  5.8448272,  0.8904171,NOT_AVAILABLE,      0,true, 36, 32,HD062613.fits.csv,OK,  0,   1.04,   0.04,   0.03,   2.98,   3.03,   3.73,   2.44
HD063077,5588607120530408832,  5.1940136,  5.5013371,  4.7056036,  0.7957335,NOT_AVAILABLE,      0,true, 42, 40,HD063077.fits.csv,OK,  0,   1.09,   0.05,   0.04,   6.05,   3.07,   4.31,   1.73
HD063791,1085188633398350336,  7.6043205,  8.1059761,  6.9265032,  1.1794729,NOT_AVAILABLE,      0,true, 56, 53,HD063791.fits.csv,OK,  0,   1.02,   0.02,   0.02,   2.99,   2.91,   3.33,   2.59
HD064412,1081294682905348608,  8.6089449,  8.9082212,  8.1321402,  0.7760811,NOT_AVAILABLE,      0,true, 51, 50,HD064412.fits.csv,OK,  0,   1.01,   0.02,   0.02,   3.05,   3.02,   3.79,   2.34
HD065228,5711199471578643200,  4.0176034,  4.3853807,  3.4772661,  0.9081147,NOT_AVAILABLE,      0,true, 57, 55,HD065228.fits.csv,SAT?,  0,   1.03,   0.03,   0.03,   3.24,   2.70,   3.22,   2.27
HD065354,5593650614728594176,  6.2701755,  7.1114163,  5.3749967,  1.7364197,NOT_AVAILABLE,      0,true, 34, 34,HD065354.fits.csv,OK,  0,   1.02,   0.03,   0.03,   2.43,   2.36,   2.43,   2.32
HD067230,3097693248973438464,  7.5888882,  7.7522483,  7.2982540,  0.4539943,NOT_AVAILABLE,      0,true, 46, 45,HD067230.fits.csv,OK,  0,   1.06,   0.05,   0.04,   3.66,   3.53,   4.45,   2.73
HD067523,5698015743046182272,  2.7505891,  3.3020041,  2.5121741,  0.7898300,NOT_AVAILABLE,      0,true, 35, 35,HD067523.fits.csv,SAT/VAR,  0,   1.21,   0.21,   0.20,   9.24,   9.80,  14.49,   4.04
HD068988,1090159839002347136,  8.0585203,  8.3683243,  7.5800834,  0.7882409,NOT_AVAILABLE,      0,true, 53, 51,HD068988.fits.csv,planet,  0,   1.01,   0.03,   0.03,   2.47,   2.46,   2.37,   2.53
HD069083A,5541217413464157696,  8.0646811,  8.5001183,  7.4535880,  1.0465302,NOT_AVAILABLE,      0,true, 45, 46,HD069083.fits.csv,DMS,  0,   1.06,   0.05,   0.04,   5.18,   4.43,   4.17,   4.63
HD069830,5726982995343100928,  5.7552195,  6.1396432,  5.2034183,  0.9362249,NOT_AVAILABLE,      0,true, 32, 31,HD069830.fits.csv,planet,  0,   1.06,   0.04,   0.04,   4.42,   3.97,   4.59,   3.48
HD071160,5546929513812569856,  7.4578977,  8.2379265,  6.5976930,  1.6402335,NOT_AVAILABLE,      2,true, 55, 55,HD071160.fits.csv,BIN,  0,   1.01,   0.03,   0.03,   2.38,   2.36,   2.56,   2.22
HD071369,1041808368494264576,  3.1493552,  3.7428923,  2.6214180,  1.1214743,NOT_AVAILABLE,      0,true, 49, 49,HD071369.fits.csv,SAT/planet,  0,   1.10,   0.10,   0.09,   5.81,   5.89,   7.40,   4.56
HD072184,910913124113802880,  5.5829811,  6.1292868,  4.8837266,  1.2455602,NOT_AVAILABLE,      0,true, 37, 36,HD072184.fits.csv,BIN,  0,   1.03,   0.03,   0.03,   2.96,   2.77,   3.13,   2.50
HD072324,678420806306593536,  6.0869074,  6.5826421,  5.4308424,  1.1517997,NOT_AVAILABLE,      0,true, 34, 34,HD072324.fits.csv,OK,  0,   1.03,   0.03,   0.03,   2.43,   2.13,   2.41,   1.92
HD072505,603285369983980288,  5.9315128,  6.5063882,  5.2094364,  1.2969518,NOT_AVAILABLE,      0,true, 25, 25,HD072505.fits.csv,OK,  0,   1.02,   0.03,   0.03,   2.63,   2.56,   2.49,   2.61
HD072968,5753752736224380544,  5.7070866,  5.6974487,  5.6921878,  0.0052609,NOT_AVAILABLE,      0,true, 35, 29,HD072968.fits.csv,VAR,  0,   1.02,   0.04,   0.04,   2.08,   2.22,   2.43,   2.07
HD073710,661297080936069632,  6.1761169,  6.6616106,  5.5287657,  1.1328449,NOT_AVAILABLE,      0,true, 25, 23,HD073710.fits.csv,OK,  0,   1.01,   0.03,   0.03,   1.99,   1.99,   1.92,   2.05
HD074088,5300811257630147200,  6.0645432,  6.9814963,  5.1217661,  1.8597302,NOT_AVAILABLE,      0,true, 39, 37,HD074088.fits.csv,OK,  1,   1.01,   0.03,   0.03,   2.10,   2.16,   2.50,   1.90
HD074462,1093220673214868224,  8.3604040,  8.9135666,  7.6450539,  1.2685127,NOT_AVAILABLE,      0,true, 72, 69,HD074462.fits.csv,OK,  0,   1.06,   0.04,   0.04,   6.92,   5.72,   6.04,   5.51
HD074721,608373012147745920,  8.6919088,  8.7068205,  8.6301823,  0.0766382,NOT_AVAILABLE,      0,true, 47, 46,HD074721.fits.csv,OK,  0,   1.02,   0.04,   0.04,   2.78,   3.21,   4.34,   2.08
HD075732,704967037090946688,  5.7326808,  6.1556811,  5.1470094,  1.0086718,NOT_AVAILABLE,      0,true, 44, 42,HD075732.fits.csv,planet,  0,   1.06,   0.05,   0.05,   5.25,   4.43,   4.79,   4.18
HD076291,1010211835989049344,  5.4051661,  5.9686146,  4.6877403,  1.2808743,NOT_AVAILABLE,      0,true, 39, 42,HD076291.fits.csv,OK,  0,   1.03,   0.03,   0.03,   3.11,   2.78,   3.09,   2.57
HD076932,5730371484020807808,  5.6518154,  5.9369235,  5.1942225,  0.7427011,NOT_AVAILABLE,      0,true, 30, 29,HD076932.fits.csv,OK,  0,   1.02,   0.02,   0.02,   2.49,   2.37,   3.20,   1.56
HD077800,1068971975056597632,  4.5617146,  5.4014959,  3.6682961,  1.7331998,NOT_AVAILABLE,      0,true, 54, 54,HD077800.fits.csv,OK,  0,   1.06,   0.05,   0.05,   5.30,   4.41,   3.60,   4.92
HD078209,1016370651589755904,  4.4058981,  4.5350676,  4.1506362,  0.3844314,NOT_AVAILABLE,      0,true, 41, 38,HD078209.fits.csv,SAT?,  0,   1.10,   0.05,   0.05,   6.08,   4.29,   4.97,   3.75
HD078316,592021045155272832,  5.1893725,  5.1580377,  5.2549939, -0.0969563,NOT_AVAILABLE,      0,true, 44, 36,HD078316.fits.csv,VAR,  0,   1.08,   0.04,   0.05,   6.23,   3.92,   5.80,   1.51
HD078362,1043382731705599360,  4.5654550,  4.7434320,  4.2872796,  0.4561524,NOT_AVAILABLE,      1,true, 66, 62,HD078362.fits.csv,BIN,  0,   1.02,   0.03,   0.03,   2.18,   2.25,   2.82,   1.75
HD079158,817013387993056640,  5.2414556,  5.1993136,  5.3402667, -0.1409531,NOT_AVAILABLE,      0,true, 36, 29,HD079158.fits.csv,VAR,  0,   1.05,   0.03,   0.04,   3.15,   2.66,   3.73,   1.49
HD079349,5326028110134118272,  7.8593545,  8.7712374,  6.9188161,  1.8524213,NOT_AVAILABLE,      0,true, 57, 56,HD079349.fits.csv,OK,  1,   1.00,   0.03,   0.03,   2.86,   2.86,   3.85,   1.88
HD079469,3845263368043470080,  3.8813465,  3.8505359,  3.8887017, -0.0381658,NOT_AVAILABLE,      0,true, 23, 24,HD079469.fits.csv,SAT/BIN,  0,   1.05,   0.04,   0.04,   2.65,   2.04,   2.12,   1.96
HD080607,1019003329101872896,  8.9621916,  9.3390350,  8.4188404,  0.9201946,NOT_AVAILABLE,      0,true, 42, 41,HD080607.fits.csv,BIN/VAR?,  0,   1.00,   0.03,   0.03,   2.13,   2.10,   2.03,   2.16
HD081937,1064092789129355136,  3.5820162,  3.7968562,  3.2501216,  0.5467346,NOT_AVAILABLE,      0,true, 71, 68,HD081937.fits.csv,SAT,  0,   1.07,   0.05,   0.06,   5.83,   4.52,   4.35,   4.66
HD082328,1018776176872261248,  3.0717425,  3.5151834,  2.6866081,  0.8285754,NOT_AVAILABLE,      0,true, 31, 30,HD082328.fits.csv,SAT,  0,   1.20,   0.18,   0.18,   7.90,   7.12,  10.21,   3.64
HD082395,589907543288859264,  4.6827707,  5.2101512,  4.0100369,  1.2001143,NOT_AVAILABLE,      0,true, 49, 47,HD082395.fits.csv,OK,  0,   1.04,   0.04,   0.03,   4.58,   3.83,   4.28,   3.49
HD082734,5676911545051183872,  4.7525730,  5.2439470,  4.1083870,  1.1355600,NOT_AVAILABLE,      0,true, 37, 36,HD082734.fits.csv,OK,  1,   1.01,   0.03,   0.03,   2.91,   2.88,   2.33,   3.23
HD083632,646645946761688704,  7.5878162,  8.3202734,  6.7545395,  1.5657339,NOT_AVAILABLE,      0,true, 47, 44,HD083632.fits.csv,OK,  0,   1.06,   0.05,   0.04,   4.96,   4.21,   3.89,   4.44
HD086322,1127168988075416192,  6.6281629,  7.1381226,  5.9583025,  1.1798201,NOT_AVAILABLE,      0,true, 40, 38,HD086322.fits.csv,OK,  1,   1.01,   0.03,   0.03,   2.03,   1.96,   2.20,   1.79
HD086986,615540938902909440,  7.9642005,  8.0295506,  7.8065462,  0.2230043,NOT_AVAILABLE,      0,true, 30, 29,HD086986.fits.csv,OK,  1,   1.00,   0.03,   0.03,   2.53,   2.02,   2.58,   1.52
HD087140,852644127442948096,  8.7631197,  9.1551552,  8.1831627,  0.9719925,NOT_AVAILABLE,      0,true, 43, 45,HD087140.fits.csv,OK,  0,   1.02,   0.02,   0.02,   2.54,   2.46,   2.56,   2.41
HD087646,623313901995781632,  7.9994578,  8.2305756,  7.4346261,  0.7959495,NOT_AVAILABLE,      0,true, 26, 28,HD087646.fits.csv,DMS/planet,  0,   1.18,   0.11,   0.05,   5.37,   2.10,   2.72,   1.53
HD087737,622052899598187392,  3.4907143,  3.5431592,  3.4167209,  0.1264384,NOT_AVAILABLE,      0,true, 20, 21,HD087737.fits.csv,SAT,  0,   1.01,   0.05,   0.05,   2.57,   2.67,   3.76,   1.49
HD088609,851658896305185024,  8.2698507,  8.8148499,  7.5582795,  1.2565703,NOT_AVAILABLE,      0,true, 50, 45,HD088609.fits.csv,ChP,  0,   1.06,   0.04,   0.03,   5.11,   4.11,   4.58,   3.76
HD090862,3890172886119687680,  8.1287823,  8.9250402,  7.2591348,  1.6659055,NOT_AVAILABLE,      0,true, 21, 21,HD090862.fits.csv,OK,  0,   0.98,   0.05,   0.03,   3.28,   2.18,   2.44,   1.99
HD093329,3871997546595984000,  8.7598248,  8.8028727,  8.6421576,  0.1607151,NOT_AVAILABLE,      0,true, 22, 22,HD093329.fits.csv,OK,  0,   1.01,   0.04,   0.04,   2.57,   2.85,   3.92,   1.75
HD094765,3865002247461685248,  7.1133318,  7.5783753,  6.4833870,  1.0949883,NOT_AVAILABLE,      0,true, 24, 24,HD094765.fits.csv,VAR,  0,   1.07,   0.05,   0.05,   4.12,   3.71,   4.04,   3.47
HD095241,778542919245424128,  5.8764143,  6.1759162,  5.4066787,  0.7692375,NOT_AVAILABLE,      0,true, 22, 20,HD095241.fits.csv,BIN,  0,   1.01,   0.03,   0.02,   2.14,   1.99,   1.95,   2.03
HD095735,762815470562110464,  6.5511718,  7.6911216,  5.4755130,  2.2156086,NOT_AVAILABLE,      0,true, 21, 21,HD095735.fits.csv,VAR/planet,  0,   1.03,   0.06,   0.05,   3.75,   3.65,   4.80,   2.57
HD096446,5338490937045044096,  6.6696572,  6.5821815,  6.7981167, -0.2159352,VARIABLE,      1,true, 40, 40,HD096446.fits.csv,VAR,  0,   1.00,   0.03,   0.02,   1.89,   1.55,   1.91,   1.25
HD101013,791573953103454848,  5.8898339,  6.3768210,  5.2371278,  1.1396933,NOT_AVAILABLE,      0,true, 64, 57,HD101013.fits.csv,BIN,  0,   1.01,   0.03,   0.03,   2.55,   2.57,   3.12,   2.11
HD101107,772751550983964928,  5.4570312,  5.6534481,  5.1728420,  0.4806061,NOT_AVAILABLE,      0,true, 33, 29,HD101107.fits.csv,OK,  0,   1.08,   0.06,   0.03,   5.64,   2.48,   2.29,   2.62
HD102780,3976183763750977920,  7.5150013,  8.4566269,  6.5543976,  1.9022293,NOT_AVAILABLE,      0,true, 29, 29,HD102780.fits.csv,OK,  0,   1.04,   0.05,   0.04,   2.59,   2.30,   3.20,   1.35
HD104304,3575733210781078016,  5.3550773,  5.7311568,  4.8056283,  0.9255285,NOT_AVAILABLE,      0,true, 46, 39,HD104304.fits.csv,OK,  0,   1.07,   0.05,   0.04,   4.89,   3.74,   3.09,   4.16
HD104340,3494296713837892352,  7.7186117,  8.4206104,  6.9031949,  1.5174155,NOT_AVAILABLE,      0,true, 76, 73,HD104340.fits.csv,VAR,  0,   1.07,   0.05,   0.04,   4.50,   3.82,   4.64,   3.12
HD105452,3489338019475637760,  3.9466290,  4.1181154,  3.6199741,  0.4981413,NOT_AVAILABLE,      0,true, 45, 44,HD105452.fits.csv,SAT,  0,   1.04,   0.03,   0.03,   3.54,   2.30,   2.94,   1.70
HD106304,6149244697914619392,  9.0478306,  9.0545721,  9.0023232,  0.0522490,NOT_AVAILABLE,      0,true, 59, 57,HD106304.fits.csv,OK,  0,   1.02,   0.04,   0.04,   3.31,   3.80,   5.09,   2.53
HD106516,3581001280225616128,  6.0030136,  6.2106419,  5.5691791,  0.6414628,NOT_AVAILABLE,      0,true, 27, 29,HD106516.fits.csv,BIN,  0,   0.64,   1.85,   1.06,   4.18,   2.30,   3.44,   0.81
HD107582,1583372923833491968,  8.0722179,  8.3938704,  7.5663018,  0.8275685,NOT_AVAILABLE,      0,true, 43, 46,HD107582.fits.csv,BIN,  0,   1.00,   0.02,   0.02,   2.81,   2.52,   2.93,   2.20
HD108629,4011700153991782144,  7.6582766,  8.8435068,  6.5692854,  2.2742214,NOT_AVAILABLE,      0,true, 30, 31,HD108629.fits.csv,VAR,  0,   1.10,   0.10,   0.05,   4.84,   2.83,   3.95,   1.64
HD109871,3703185746813340032,  7.7456522,  8.5676250,  6.8580041,  1.7096210,NOT_AVAILABLE,      0,true, 51, 50,HD109871.fits.csv,OK,  0,   1.05,   0.05,   0.04,   4.78,   4.04,   3.41,   4.45
HD109995,1521592327541035520,  7.5753045,  7.6029572,  7.4806781,  0.1222792,NOT_AVAILABLE,      0,true, 38, 34,HD109995.fits.csv,OK,  0,   1.01,   0.04,   0.04,   2.53,   2.79,   3.81,   1.74
HD110010,1717627794711189760,  6.8558331,  7.1522465,  6.3939486,  0.7582979,NOT_AVAILABLE,      3,true, 32, 30,HD110010.fits.csv,BIN,  0,   1.06,   0.04,   0.04,   3.50,   3.56,   4.46,   2.76
HD110073,6153047015281588864,  4.6075630,  4.5618300,  4.6586242, -0.0967941,NOT_AVAILABLE,      0,true, 21, 18,HD110073.fits.csv,DMS,  0,   1.10,   0.06,   0.04,   5.46,   2.50,   3.43,   1.54
HD110885,3702094687679734272,  8.9807882,  9.3164425,  8.4616003,  0.8548422,NOT_AVAILABLE,      0,true, 41, 41,HD110885.fits.csv,OK,  0,   1.07,   0.05,   0.03,   5.41,   2.99,   3.02,   2.98
HD111464,5863077830235852672,  6.1078386,  6.8618960,  5.2606206,  1.6012754,NOT_AVAILABLE,      0,true, 46, 42,HD111464.fits.csv,OK,  0,   1.03,   0.03,   0.03,   3.03,   2.86,   3.65,   2.14
HD111515,3702148666829533952,  7.9491878,  8.3027821,  7.4167275,  0.8860545,NOT_AVAILABLE,      0,true, 45, 42,HD111515.fits.csv,OK,  0,   1.02,   0.03,   0.03,   2.19,   2.20,   3.06,   1.31
HD111631,3689602277083844480,  7.8227482,  8.7021637,  6.8967948,  1.8053689,NOT_AVAILABLE,      0,true, 46, 44,HD111631.fits.csv,OK,  0,   1.05,   0.05,   0.04,   4.13,   3.69,   4.50,   3.00
HD111721,3525736595998110464,  7.7326541,  8.1639194,  7.1163588,  1.0475607,NOT_AVAILABLE,      0,true, 39, 41,HD111721.fits.csv,OK,  0,   1.06,   0.04,   0.03,   4.08,   3.14,   4.29,   1.96
HD111786,3495820568233709952,  6.0887022,  6.2048426,  5.8447738,  0.3600688,NOT_AVAILABLE,      0,true, 21, 20,HD111786.fits.csv,VAR,  0,   1.00,   0.03,   0.03,   1.99,   1.59,   1.53,   1.64
HD112413,1517698716348324992,  2.9043932,  3.1570334,  2.9376268,  0.2194066,NOT_AVAILABLE,      0,true, 27, 26,HD112413.fits.csv,SAT/VAR,  0,   1.04,   0.35,   0.37,   5.02,   5.14,   7.82,   1.44
HD112911,5863145518917593856,  6.6331067,  7.6977329,  5.6146674,  2.0830655,NOT_AVAILABLE,      0,true, 48, 45,HD112911.fits.csv,OK,  0,   1.02,   0.03,   0.03,   3.15,   3.14,   3.22,   3.09
HD113002,3941562272896500992,  8.5279608,  8.9248133,  7.9471483,  0.9776649,NOT_AVAILABLE,      0,true, 49, 47,HD113002.fits.csv,OK,  0,   1.01,   0.02,   0.02,   2.39,   2.35,   2.84,   1.94
HD113083,6187146135033549312,  7.8981237,  8.1823339,  7.4354424,  0.7468915,NOT_AVAILABLE,      2,true, 36, 38,HD113083.fits.csv,BIN,  0,   1.06,   0.04,   0.04,   4.93,   4.45,   4.64,   4.33
HD113092,1678945154579060608,  4.9423065,  5.6305614,  4.1440778,  1.4864836,NOT_AVAILABLE,      0,true, 31, 28,HD113092.fits.csv,OK,  0,   1.03,   0.03,   0.03,   2.69,   2.21,   1.86,   2.44
HD114710,1460229442589223424,  4.0932789,  4.3876781,  3.6256194,  0.7620587,NOT_AVAILABLE,      0,true, 66, 66,HD114710.fits.csv,SAT,  0,   1.02,   0.03,   0.02,   2.97,   2.94,   2.59,   3.18
HD115617,3507879565090229888,  4.5325284,  4.9046731,  4.0062351,  0.8984380,NOT_AVAILABLE,      0,true, 35, 32,HD115617.fits.csv,planet,  0,   1.02,   0.03,   0.03,   2.73,   2.74,   2.21,   3.08
HD117880,3603035836843409408,  9.0388422,  9.0695267,  8.9458342,  0.1236925,NOT_AVAILABLE,      0,true, 43, 44,HD117880.fits.csv,OK,  0,   1.15,   0.08,   0.05,  11.60,   5.41,   7.73,   2.80
HD118055,3603949359207346048,  8.4302359,  9.1334581,  7.6144342,  1.5190239,NOT_AVAILABLE,      0,true, 37, 36,HD118055.fits.csv,ChP,  0,   1.03,   0.03,   0.03,   3.25,   2.86,   2.70,   2.98
HD119228,1561883759343666304,  3.7974348,  4.8964043,  2.8135579,  2.0828464,NOT_AVAILABLE,      0,true, 43, 42,HD119228.fits.csv,SAT/VAR,  0,   1.05,   0.06,   0.05,   4.49,   4.04,   4.45,   3.74
HD119971,6069649917314597504,  4.9663877,  5.7042589,  4.1287551,  1.5755038,NOT_AVAILABLE,      0,true, 33, 33,HD119971.fits.csv,OK,  0,   1.02,   0.03,   0.03,   2.78,   2.64,   2.17,   2.94
HD121146,1672793558820485376,  6.0332589,  6.6374707,  5.2898030,  1.3476677,NOT_AVAILABLE,      0,true, 35, 29,HD121146.fits.csv,OK,  0,   1.01,   0.03,   0.03,   2.36,   2.35,   2.13,   2.52
HD121560,1230894097540611968,  6.0346680,  6.2926927,  5.6048770,  0.6878157,NOT_AVAILABLE,      0,true, 37, 36,HD121560.fits.csv,OK,  0,   1.06,   0.04,   0.05,   5.20,   5.15,   6.46,   3.98
HD122064,1661568850770761600,  6.1699209,  6.7038250,  5.4832382,  1.2205868,NOT_AVAILABLE,      0,true, 29, 26,HD122064.fits.csv,OK,  0,   1.04,   0.04,   0.04,   3.37,   3.00,   3.08,   2.96
HD123657,1505343882144388864,  3.7922480,  5.4850922,  2.6782765,  2.8068156,NOT_AVAILABLE,      0,true, 48, 45,HD123657.fits.csv,SAT/VAR,  0,   0.93,   0.12,   0.10,   7.21,   5.89,   5.41,   6.24
HD124186,1478371380150987520,  5.7794409,  6.3931518,  5.0299768,  1.3631749,NOT_AVAILABLE,      0,true, 39, 36,HD124186.fits.csv,OK,  0,   1.02,   0.03,   0.03,   2.63,   2.57,   2.67,   2.51
HD124244,3674714580406064768,  8.3175364,  8.6376915,  7.8268766,  0.8108149,NOT_AVAILABLE,      0,true, 49, 47,HD124244.fits.csv,OK,  0,   1.05,   0.04,   0.04,   4.52,   4.41,   5.25,   3.73
HD124547,1714135092946125184,  4.3238397,  5.0657554,  3.4954581,  1.5702972,NOT_AVAILABLE,      1,true, 26, 25,HD124547.fits.csv,BIN,  0,   1.16,   0.11,   0.06,   8.04,   3.84,   4.43,   3.38
HD125072,5866992641380992256,  6.3545051,  6.8676977,  5.6830812,  1.1846166,NOT_AVAILABLE,      0,true, 38, 33,HD125072.fits.csv,OK,  0,   1.06,   0.05,   0.05,   4.39,   4.07,   4.95,   3.34
HD126327,1256239111870681600,  4.3706260,  7.8426576,  2.9362445,  4.9064131,VARIABLE,      0,true, 34, 33,HD126327.fits.csv,SAT,  0,   1.03,   0.17,   0.16,   4.15,   4.18,   4.72,   3.79
HD126511,1491217459831454848,  8.1782875,  8.5472956,  7.6383872,  0.9089084,NOT_AVAILABLE,      0,true, 64, 62,HD126511.fits.csv,OK,  1,   1.00,   0.03,   0.03,   2.45,   2.17,   1.94,   2.33
HD128000,1610185648748288000,  5.1449223,  5.9944453,  4.2366953,  1.7577500,NOT_AVAILABLE,      0,true, 41, 40,HD128000.fits.csv,OK,  0,   1.10,   0.08,   0.05,   6.15,   3.48,   2.98,   3.82
HD128165,1605198298364601088,  6.9188490,  7.4481392,  6.2347469,  1.2133923,NOT_AVAILABLE,      0,true, 53, 51,HD128165.fits.csv,OK,  0,   1.06,   0.05,   0.05,   5.05,   4.57,   4.99,   4.27
HD128801,1172688357148006912,  8.7203655,  8.7002077,  8.7253046, -0.0250969,NOT_AVAILABLE,      0,true, 22, 21,HD128801.fits.csv,OK,  0,   1.04,   0.04,   0.04,   2.50,   2.37,   3.21,   1.55
HD132254,1592338513445876608,  5.5065575,  5.7651291,  5.0900726,  0.6750565,NOT_AVAILABLE,      0,true, 45, 39,HD132254.fits.csv,OK,  0,   1.07,   0.05,   0.04,   5.20,   4.29,   4.07,   4.45
HD132475,6232043867720079616,  8.3911448,  8.6918163,  7.8975177,  0.7942986,NOT_AVAILABLE,      0,true, 21, 19,HD132475.fits.csv,OK,  0,   1.02,   0.02,   0.02,   2.04,   1.89,   1.95,   1.85
HD134439,6307374845312759552,  8.8276281,  9.2429018,  8.2307434,  1.0121584,NOT_AVAILABLE,      0,true, 24, 24,HD134439.fits.csv,OK,  0,   1.69,   0.37,   0.06,  38.10,   4.86,   6.91,   2.59
HD134440,6307365499463905536,  9.1563625,  9.6234894,  8.5164080,  1.1070814,NOT_AVAILABLE,      0,true, 24, 24,HD134440.fits.csv,OK,  0,   1.04,   0.03,   0.03,   3.22,   2.80,   2.51,   3.00
HD136726,1696798367260229376,  4.5566783,  5.2732506,  3.7445815,  1.5286691,NOT_AVAILABLE,      0,true, 25, 24,HD136726.fits.csv,planet,  0,   1.04,   0.04,   0.03,   3.30,   2.87,   2.39,   3.18
HD137759,1614731957531452544,  2.9729202,  3.7606664,  2.4086325,  1.3520339,NOT_AVAILABLE,      0,true, 43, 43,HD137759.fits.csv,SAT/VAR/planet,  0,   1.49,   0.27,   0.11,   8.78,   3.80,   3.90,   3.75
HD137909,1273423791421021568,  3.6044285,  3.7757733,  3.4258816,  0.3498917,NOT_AVAILABLE,      0,true, 74, 79,HD137909.fits.csv,SAT/VAR,  0,   1.23,   0.12,   0.09,  16.98,   3.83,   5.55,   1.76
HD138749,1274286186493145728,  4.2395802,  4.0689855,  4.2189326, -0.1499472,NOT_AVAILABLE,      0,true, 52, 52,HD138749.fits.csv,SAT/Be/DMS,  0,   1.15,   0.10,   0.04,   6.75,   1.85,   2.50,   1.20
HD140232,1197801408889764480,  5.7692118,  5.8594131,  5.5911140,  0.2682991,NOT_AVAILABLE,      0,true, 65, 62,HD140232.fits.csv,DMS,  0,   1.00,   0.03,   0.04,   2.24,   2.10,   2.04,   2.15
HD142091,1372702716380418688,  4.5113430,  5.0258484,  3.8582332,  1.1676152,NOT_AVAILABLE,      0,true, 42, 42,HD142091.fits.csv,planet,  0,   1.03,   0.03,   0.03,   3.52,   3.37,   2.93,   3.67
HD142926,1384384649468452224,  5.6983972,  5.6478224,  5.7621994, -0.1143770,NOT_AVAILABLE,      0,true, 34, 29,HD142926.fits.csv,Be,  0,   1.05,   0.03,   0.04,   3.91,   2.52,   3.28,   1.77
HD143107,1220404653534258816,  3.7562327,  4.4172277,  3.0029533,  1.4142745,NOT_AVAILABLE,      0,true, 70, 71,HD143107.fits.csv,SAT/planet,  0,   1.23,   0.15,   0.06,  19.86,   6.03,   5.56,   6.37
HD144608,6243816751039523712,  4.0904708,  4.5161066,  3.4949651,  1.0211415,NOT_AVAILABLE,      0,true, 25, 26,HD144608.fits.csv,OK,  0,   1.17,   0.10,   0.05,  11.10,   4.11,   4.58,   3.76
HD145675,1385293808145621504,  6.3952398,  6.8131170,  5.8110700,  1.0020471,NOT_AVAILABLE,      0,true, 34, 30,HD145675.fits.csv,planet,  0,   1.07,   0.05,   0.05,   4.47,   3.72,   3.62,   3.80
HD146233,4345775217221821312,  5.3276510,  5.6549315,  4.8378544,  0.8170772,NOT_AVAILABLE,      0,true, 19, 17,HD146233.fits.csv,OK,  0,   1.20,   0.12,   0.05,   9.42,   3.58,   4.41,   2.88
HD147394,1385978666451514112,  3.8871303,  3.8030870,  3.9738882, -0.1708012,NOT_AVAILABLE,      0,true, 25, 26,HD147394.fits.csv,SAT/VAR,  0,   1.04,   0.04,   0.06,   3.12,   2.90,   4.09,   1.58
HD148293,1649746523792049408,  4.9591694,  5.5127592,  4.2655544,  1.2472048,NOT_AVAILABLE,      0,true, 23, 22,HD148293.fits.csv,OK,  0,   1.02,   0.03,   0.03,   1.91,   1.90,   1.88,   1.92
HD148513,4431639310048958208,  4.8786139,  5.6569748,  4.0087614,  1.6482134,NOT_AVAILABLE,      0,true, 28, 28,HD148513.fits.csv,OK,  0,   1.02,   0.03,   0.03,   2.55,   2.53,   2.34,   2.67
HD149161,4459409469075689216,  4.2325697,  5.0979395,  3.3347411,  1.7631984,NOT_AVAILABLE,      0,true, 48, 48,HD149161.fits.csv,OK,  0,   1.04,   0.04,   0.04,   3.88,   3.67,   2.95,   4.13
HD149162,4433380077474648192,  8.5854778,  9.0464993,  7.9440641,  1.1024351,NOT_AVAILABLE,      0,true, 41, 39,HD149162.fits.csv,BIN,  0,   1.08,   0.06,   0.04,   4.80,   3.59,   3.62,   3.58
HD149382,4354377620100892416,  8.8945866,  8.7301922,  9.1663923, -0.4362001,NOT_AVAILABLE,      0,true, 58, 57,HD149382.fits.csv,planet,  0,   1.04,   0.03,   0.03,   2.83,   3.51,   5.24,   1.29
HD156283,1339952869195300608,  2.7025177,  3.7274730,  2.2475624,  1.4799106,NOT_AVAILABLE,      0,true, 30, 30,HD156283.fits.csv,SAT/VAR,  0,   0.80,   0.34,   0.19,  11.29,   4.45,   4.95,   4.05
HD156668,4575374857376398976,  8.1176739,  8.6431122,  7.4364910,  1.2066212,NOT_AVAILABLE,      0,true, 51, 48,HD156668.fits.csv,planet,  0,   1.05,   0.05,   0.04,   4.84,   4.45,   5.10,   3.95
HD157881,4375233191015944192,  6.9344730,  7.7547555,  6.0471244,  1.7076311,NOT_AVAILABLE,      0,true, 64, 60,HD157881.fits.csv,OK,  0,   1.06,   0.06,   0.05,   5.47,   4.62,   5.34,   4.05
HD158377,4121695984487449600,  6.0331974,  8.2148447,  4.7593555,  3.4554892,VARIABLE,      0,true, 36, 35,HD158377.fits.csv,C,  0,   1.11,   0.13,   0.11,   4.86,   4.56,   4.35,   4.73
HD160365,4494267870326116864,  5.9759631,  6.2695909,  5.5079093,  0.7616816,NOT_AVAILABLE,      0,true, 35, 36,HD160365.fits.csv,OK,  0,   1.22,   0.14,   0.04,  15.84,   3.83,   3.90,   3.79
HD160762,1362451076122760320,  3.7906454,  3.6917670,  3.9072235, -0.2154565,NOT_AVAILABLE,      0,true, 20, 21,HD160762.fits.csv,SAT/VAR,  0,   1.03,   0.04,   0.05,   1.92,   1.95,   2.58,   1.32
HD161770,4164893700353983104,  9.4353056,  9.8281040,  8.8505011,  0.9776030,NOT_AVAILABLE,      0,true, 41, 41,HD161770.fits.csv,OK,  0,   1.06,   0.04,   0.02,   5.29,   3.25,   3.19,   3.31
HD161797,4594497769766809216,  3.2384055,  3.7438171,  2.7218137,  1.0220034,NOT_AVAILABLE,      0,true, 38, 39,HD161797.fits.csv,SAT/DMS,  0,   1.15,   0.10,   0.08,   5.83,   5.35,   7.38,   3.24
HD163346,4468813931327385600,  6.5956593,  6.9269309,  6.0579028,  0.8690281,NOT_AVAILABLE,      0,true, 28, 27,HD163346.fits.csv,DMS,  0,   1.08,   0.06,   0.03,   3.93,   1.88,   1.77,   1.97
HD163641,4474747621924408320,  6.2562070,  6.2519078,  6.2146378,  0.0372701,NOT_AVAILABLE,      0,true, 51, 44,HD163641.fits.csv,OK,  0,   1.02,   0.03,   0.04,   3.06,   3.62,   5.14,   1.94
HD163770,4609802834185436928,  3.4741399,  4.1980071,  2.7469304,  1.4510767,NOT_AVAILABLE,      0,true, 29, 29,HD163770.fits.csv,SAT/VAR,  0,   1.05,   0.06,   0.06,   3.14,   3.02,   3.27,   2.84
HD163810,4150413750729448320,  9.6343403,  9.7865267,  8.9232101,  0.8633165,NOT_AVAILABLE,      0,true, 26, 26,HD163810.fits.csv,DMS,  0,   0.69,   1.19,   1.23,   5.16,   5.31,   8.00,   1.73
HD164257,4474806789394684544,  6.7492151,  6.8025327,  6.6125889,  0.1899438,NOT_AVAILABLE,      0,true, 37, 32,HD164257.fits.csv,VAR,  0,   1.04,   0.04,   0.04,   2.60,   2.59,   3.48,   1.70
HD164353,4469314179061640320,  3.9324145,  3.9549229,  3.8362093,  0.1187136,NOT_AVAILABLE,      0,true, 23, 22,HD164353.fits.csv,SAT/BS,  0,   1.05,   0.04,   0.04,   3.30,   2.40,   3.33,   1.44
HD164967,4476214061198753280,  7.1870818,  7.2414103,  7.0535727,  0.1878376,NOT_AVAILABLE,      0,true, 37, 36,HD164967.fits.csv,OK,  0,   1.01,   0.04,   0.04,   2.20,   2.21,   2.52,   1.97
HD165195,4469466083462011008,  6.8158798,  7.5709286,  5.9618812,  1.6090474,NOT_AVAILABLE,      0,true, 32, 33,HD165195.fits.csv,OK,  0,   1.02,   0.03,   0.03,   2.60,   2.62,   3.22,   2.10
HD165222,4177731838628465408,  8.5193949,  9.6024523,  7.4829278,  2.1195245,NOT_AVAILABLE,      0,true, 25, 22,HD165222.fits.csv,OK,  0,   1.05,   0.06,   0.04,   5.14,   3.97,   4.74,   3.34
HD166208,2114103235192312576,  4.7432699,  5.2182808,  4.1168513,  1.1014295,NOT_AVAILABLE,      1,true, 30, 27,HD166208.fits.csv,BIN,  0,   1.02,   0.03,   0.03,   2.47,   2.45,   3.05,   1.92
HD166229,4606525396178706176,  5.1657453,  5.7368612,  4.4418440,  1.2950172,NOT_AVAILABLE,      0,true, 34, 33,HD166229.fits.csv,OK,  0,   1.04,   0.04,   0.03,   3.69,   2.99,   3.79,   2.27
HD166283,4471126479159876096,  7.7360053,  7.8274221,  7.5446944,  0.2827277,NOT_AVAILABLE,      0,true, 28, 28,HD166283.fits.csv,OK,  0,   1.05,   0.05,   0.04,   2.62,   2.33,   3.17,   1.50
HD166991,4469871906338470528,  6.8117681,  6.8515601,  6.7096229,  0.1419373,NOT_AVAILABLE,      0,true, 31, 29,HD166991.fits.csv,OK,  1,   1.00,   0.04,   0.04,   2.92,   2.03,   2.18,   1.92
HD167006,4591092238654107904,  4.0239820,  5.2366533,  2.9623017,  2.2743516,NOT_AVAILABLE,      0,true, 33, 32,HD167006.fits.csv,SAT/VAR,  0,   1.00,   0.06,   0.07,   4.49,   4.35,   5.53,   3.29
HD167105,2124735886293410688,  8.9362812,  8.9520273,  8.8704576,  0.0815697,NOT_AVAILABLE,      0,true, 42, 41,HD167105.fits.csv,OK,  0,   1.38,   0.21,   0.09,  25.56,   7.14,  10.65,   2.61
HD167946,4470930186283476736,  7.3298388,  7.3305273,  7.2922926,  0.0382347,NOT_AVAILABLE,      0,true, 28, 26,HD167946.fits.csv,OK,  0,   1.03,   0.04,   0.04,   2.12,   2.35,   3.14,   1.59
HD169191,4523421627299918464,  4.8558702,  5.5082674,  4.0899305,  1.4183369,NOT_AVAILABLE,      0,true, 43, 38,HD169191.fits.csv,OK,  0,   1.10,   0.07,   0.04,   7.68,   4.43,   3.49,   5.01
HD170737,4585277815014537984,  7.8898573,  8.3198042,  7.2812195,  1.0385847,NOT_AVAILABLE,      3,true, 64, 63,HD170737.fits.csv,OK,  0,   1.00,   0.02,   0.02,   2.68,   2.42,   2.63,   2.28
HD170756,4529105346500347264,  7.1606226,  7.5709643,  6.5984435,  0.9725208,VARIABLE,      0,true, 95,105,HD170756.fits.csv,VAR,  0,   1.40,   0.28,   0.04,  15.08,   1.46,   2.01,   0.88
HD172506,4279979582440702720,  7.8769321,  8.0431376,  7.5699630,  0.4731746,NOT_AVAILABLE,      0,true, 26, 26,HD172506.fits.csv,OK,  0,   1.31,   0.18,   0.07,  15.94,   5.23,   7.57,   2.48
HD173158,4285492327595742080,  7.2997394,  8.1641293,  6.3884282,  1.7757010,NOT_AVAILABLE,      0,true, 22, 21,HD173158.fits.csv,OK,  1,   1.00,   0.03,   0.03,   1.53,   1.52,   1.66,   1.41
HD173701,2117279002732678656,  7.3272262,  7.7290716,  6.7590461,  0.9700255,NOT_AVAILABLE,      0,true, 30, 30,HD173701.fits.csv,OK,  0,   1.05,   0.04,   0.04,   2.92,   2.86,   3.42,   2.40
HD174959,2093536183004234752,  6.0769167,  6.0195303,  6.1465206, -0.1269903,VARIABLE,      0,true, 34, 29,HD174959.fits.csv,OK,  0,   1.02,   0.03,   0.03,   1.92,   1.97,   2.22,   1.76
HD174966,4279028985902356096,  7.6621299,  7.7856331,  7.4259019,  0.3597312,NOT_AVAILABLE,      0,true, 26, 25,HD174966.fits.csv,VAR,  0,   1.12,   0.07,   0.04,   5.16,   2.90,   4.10,   1.60
HD175305,2268048503896398720,  6.9568386,  7.3721752,  6.3578858,  1.0142894,NOT_AVAILABLE,      0,true, 39, 36,HD175305.fits.csv,OK,  0,   1.43,   0.24,   0.08,  25.18,   8.03,  11.75,   3.58
HD175674,6662114164434611712,  6.2800512,  6.9338446,  5.5060458,  1.4277987,NOT_AVAILABLE,      1,true, 23, 22,HD175674.fits.csv,OK,  0,   1.00,   0.03,   0.03,   2.23,   2.21,   2.34,   2.12
HD175805,4268663477469514496,  7.5293450,  7.7904000,  7.1050415,  0.6853585,NOT_AVAILABLE,      0,true, 19, 21,HD175805.fits.csv,OK,  0,   1.15,   0.09,   0.05,   8.40,   3.61,   4.53,   2.80
HD175865,2106630885454013184,  2.3616831,  4.4252152,  2.0015056,  2.4237096,NOT_AVAILABLE,      0,true, 27, 27,HD175865.fits.csv,SAT/VAR,  0,   0.52,   1.03,   0.34,  21.57,   8.04,   8.69,   7.58
HD176411,4506929502678142336,  3.7267342,  4.2886467,  3.0432272,  1.2454195,NOT_AVAILABLE,      0,true, 59, 58,HD176411.fits.csv,SAT/BIN,  0,   1.05,   0.05,   0.05,   5.21,   4.78,   4.27,   5.14
HD176437,2043823929421342848,  3.2489738,  3.4173548,  3.1855104,  0.2318444,NOT_AVAILABLE,      0,true, 38, 37,HD176437.fits.csv,SAT,  0,   1.03,   0.07,   0.08,   4.18,   4.34,   6.29,   2.04
HD177153,2103877089862772352,  7.0751028,  7.3505087,  6.6301799,  0.7203288,NOT_AVAILABLE,      0,true, 37, 35,HD177153.fits.csv,OK,  0,   1.06,   0.04,   0.04,   4.03,   3.91,   4.78,   3.19
HD181096,2127789646700855040,  5.8986073,  6.1387835,  5.4952307,  0.6435528,NOT_AVAILABLE,      0,true, 24, 22,HD181096.fits.csv,OK,  0,   1.07,   0.04,   0.03,   4.21,   3.29,   3.10,   3.44
HD181720,6745589980571162752,  7.6874804,  7.9923768,  7.2061524,  0.7862244,NOT_AVAILABLE,      0,true, 19, 17,HD181720.fits.csv,planet,  0,   0.99,   0.03,   0.02,   2.46,   1.79,   2.48,   1.06
HD182293,4515944295425699200,  6.7752228,  7.3595691,  6.0473819,  1.3121872,NOT_AVAILABLE,      0,true, 77, 70,HD182293.fits.csv,OK,  0,   1.05,   0.05,   0.04,   5.60,   4.82,   4.83,   4.85
HD183915,4314939276242251776,  6.9584813,  7.5892048,  6.1996427,  1.3895621,NOT_AVAILABLE,      3,true, 46, 41,HD183915.fits.csv,BIN,  0,   1.00,   0.03,   0.03,   2.51,   2.46,   2.29,   2.58
HD185144,2261614264931057664,  4.4490409,  4.8594880,  3.8651726,  0.9943154,NOT_AVAILABLE,      0,true, 23, 24,HD185144.fits.csv,OK,  0,   1.02,   0.03,   0.03,   2.61,   2.62,   2.72,   2.56
HD185351,2078403295235690112,  4.9214401,  5.3958507,  4.2958503,  1.1000004,NOT_AVAILABLE,      0,true, 32, 29,HD185351.fits.csv,OK,  0,   1.06,   0.04,   0.03,   4.34,   3.20,   3.55,   2.94
HD185955,2080047236917822976,  6.0225482,  6.4691024,  5.4068594,  1.0622430,NOT_AVAILABLE,      0,true, 24, 24,HD185955.fits.csv,VAR,  0,   1.05,   0.04,   0.04,   2.92,   2.89,   3.64,   2.23
HD186408,2135550755683405952,  5.8180733,  6.1409054,  5.3276587,  0.8132467,NOT_AVAILABLE,      0,true, 31, 31,HD186408.fits.csv,DMS,  0,   1.08,   0.05,   0.04,   4.61,   3.74,   4.29,   3.32
HD187111,4189688954569244032,  7.2790952,  7.9810624,  6.4596152,  1.5214472,NOT_AVAILABLE,      0,true, 36, 34,HD187111.fits.csv,ChP,  0,   1.10,   0.07,   0.04,   6.40,   3.33,   3.54,   3.20
HD187637,2076894387328378240,  7.4170775,  7.6618085,  7.0079975,  0.6538110,NOT_AVAILABLE,      0,true, 41, 39,HD187637.fits.csv,OK,  0,   1.07,   0.04,   0.04,   3.98,   3.56,   4.49,   2.74
HD187879,2073743839843579776,  5.6359863,  5.5947943,  5.6415658, -0.0467715,NOT_AVAILABLE,      0,true, 31, 31,HD187879.fits.csv,EB,  0,   1.05,   0.03,   0.03,   3.20,   1.69,   2.20,   1.20
HD187921,2027951173435143680,  6.8091879,  7.7906747,  5.8919535,  1.8987212,VARIABLE,      0,true, 54, 53,HD187921.fits.csv,VAR,  0,   1.38,   0.25,   0.09,   2.71,   2.26,   3.33,   0.93
HD188262,1820374029621976704,  7.4221702,  7.8913832,  6.7703428,  1.1210403,NOT_AVAILABLE,      0,true, 51, 44,HD188262.fits.csv,OK,  0,   1.18,   0.11,   0.05,  11.00,   4.07,   4.51,   3.76
HD188510,4303364682926575744,  8.6473618,  8.9729948,  8.1384706,  0.8345242,NOT_AVAILABLE,      0,true, 38, 38,HD188510.fits.csv,OK,  0,   1.16,   0.09,   0.05,  13.24,   6.68,   7.57,   5.99
HD189349,2075067858006232320,  7.0781484,  7.5316281,  6.4491391,  1.0824890,NOT_AVAILABLE,      0,true, 39, 37,HD189349.fits.csv,OK,  0,   1.07,   0.05,   0.04,   4.31,   4.06,   5.15,   3.08
HD190067,1807953155988203264,  6.9592805,  7.3297319,  6.4124112,  0.9173207,NOT_AVAILABLE,      0,true, 50, 42,HD190067.fits.csv,OK,  0,   1.06,   0.04,   0.04,   3.90,   3.26,   3.74,   2.88
HD190073,4248713560548849792,  7.7981968,  7.8526969,  7.6304321,  0.2222648,NOT_AVAILABLE,      0,true, 51, 45,HD190073.fits.csv,HeAB,  0,   1.00,   0.04,   0.04,   3.18,   2.97,   3.05,   2.91
HD190360,2029433521248546304,  5.5527868,  5.9224591,  5.0143995,  0.9080596,NOT_AVAILABLE,      0,true, 47, 43,HD190360.fits.csv,planet,  0,   1.07,   0.06,   0.03,   7.04,   2.74,   3.53,   2.01
HD190390,4190636669164572928,  6.2052717,  6.5387859,  5.6890826,  0.8497033,NOT_AVAILABLE,      0,true, 39, 38,HD190390.fits.csv,PAGB,  0,   1.11,   0.08,   0.05,   3.69,   2.37,   2.97,   1.84
HD190404,1833199729671740800,  7.0359473,  7.4702172,  6.4251809,  1.0450363,NOT_AVAILABLE,      0,true, 59, 55,HD190404.fits.csv,OK,  0,   1.09,   0.06,   0.04,   7.04,   4.09,   5.11,   3.20
HD191026,2059103120983068160,  5.1409140,  5.5820751,  4.5365696,  1.0455055,NOT_AVAILABLE,      0,true, 43, 38,HD191026.fits.csv,VAR,  0,   1.02,   0.03,   0.03,   2.98,   2.89,   2.68,   3.05
HD191277,2237963804179250176,  5.0510778,  5.6541367,  4.3126745,  1.3414621,NOT_AVAILABLE,      0,true, 46, 45,HD191277.fits.csv,OK,  0,   1.02,   0.03,   0.03,   3.11,   2.81,   3.14,   2.57
HD192263,4224259562941398400,  7.5129790,  7.9978533,  6.8673406,  1.1305127,VARIABLE,      0,true, 32, 32,HD192263.fits.csv,VAR/planet,  0,   1.04,   0.05,   0.05,   3.50,   3.59,   4.73,   2.50
HD192718,4216237663544948352,  8.2421017,  8.5389700,  7.7654142,  0.7735558,NOT_AVAILABLE,      0,true, 31, 29,HD192718.fits.csv,OK,  0,   1.18,   0.10,   0.06,   8.86,   4.49,   5.85,   3.21
HD193664,2246581329639103872,  5.7695527,  6.0674200,  5.2959642,  0.7714558,NOT_AVAILABLE,      0,true, 25, 22,HD193664.fits.csv,OK,  0,   1.08,   0.05,   0.04,   6.26,   5.14,   5.62,   4.79
HD193896,6905364821265383424,  6.0476255,  6.5087433,  5.4141927,  1.0945506,NOT_AVAILABLE,      0,true, 26, 25,HD193896.fits.csv,OK,  0,   1.05,   0.04,   0.04,   4.01,   3.55,   3.66,   3.48
HD194453,4246840611198113024,  6.7431183,  6.7294226,  6.7277803,  0.0016422,NOT_AVAILABLE,      0,true, 39, 35,HD194453.fits.csv,OK,  0,   1.04,   0.04,   0.05,   2.84,   3.59,   5.18,   1.75
HD195434A,4245659976227848704,  9.0636873,  9.4777479,  8.2762671,  1.2014809,VARIABLE,      0,true, 36, 35,HD195434.fits.csv,EB,  0,   1.01,   0.04,   0.05,   1.17,   1.36,   2.02,   0.52
HD196218,4233114892151395712,  7.2948866,  7.5432358,  6.8765516,  0.6666842,NOT_AVAILABLE,      0,true, 44, 42,HD196218.fits.csv,OK,  0,   1.02,   0.02,   0.02,   2.18,   2.09,   2.06,   2.13
HD196426,4231133434759619200,  6.1950116,  6.1439528,  6.2488661, -0.1049132,NOT_AVAILABLE,      0,true, 34, 31,HD196426.fits.csv,OK,  0,   1.03,   0.04,   0.03,   2.12,   2.03,   2.32,   1.81
HD196662,6863409385992156800,  5.6956134,  5.1414652,  5.2978034, -0.1563382,NOT_AVAILABLE,      0,true, 27, 26,HD196662.fits.csv,DMS,  0,   1.83,   0.43,   0.06,  18.59,   1.51,   2.19,   0.71
HD196725,1756079606122005248,  5.1908336,  5.9669728,  4.3343167,  1.6326561,NOT_AVAILABLE,      0,true, 38, 35,HD196725.fits.csv,RSG,  0,   1.01,   0.03,   0.03,   2.68,   2.69,   2.11,   3.05
HD196892,6858374206854249728,  8.0958214,  8.3598843,  7.6571422,  0.7027421,NOT_AVAILABLE,      0,true, 42, 42,HD196892.fits.csv,OK,  1,   1.00,   0.02,   0.02,   2.73,   2.46,   2.64,   2.34
HD197177,1863091877405053184,  5.3753695,  5.8799629,  4.7155299,  1.1644330,NOT_AVAILABLE,      0,true, 50, 49,HD197177.fits.csv,DMS/ESG,  0,   1.03,   0.03,   0.03,   2.97,   2.70,   2.61,   2.78
HD197964,1763000413344449792,  3.9899371,  4.5272799,  3.3131208,  1.2141590,NOT_AVAILABLE,      0,true, 44, 44,HD197964.fits.csv,SAT/BIN,  0,   1.07,   0.05,   0.04,   5.88,   4.26,   2.91,   5.02
HD198809,1845660598015820800,  4.3485847,  4.7740283,  3.7514946,  1.0225337,NOT_AVAILABLE,      0,true, 58, 57,HD198809.fits.csv,BIN,  0,   1.02,   0.03,   0.03,   4.38,   4.45,   3.37,   5.11
HD200081,6916198691587462272,  7.7473793,  8.1556759,  7.1610155,  0.9946604,NOT_AVAILABLE,      0,true, 30, 30,HD200081.fits.csv,OK,  0,   1.03,   0.03,   0.03,   2.49,   2.45,   2.34,   2.54
HD200905,2162316545207257600,  3.0638983,  4.0959435,  2.3591247,  1.7368188,NOT_AVAILABLE,      0,true, 32, 32,HD200905.fits.csv,SAT/BIN,  0,   0.90,   0.17,   0.14,   6.38,   4.14,   3.49,   4.55
HD201091,1872046609345556480,  4.7667131,  5.4397926,  3.9772029,  1.4625897,NOT_AVAILABLE,      0,true, 42, 39,HD201091.fits.csv,VAR,  0,   1.03,   0.04,   0.03,   3.52,   3.04,   3.30,   2.86
HD201377,2689931630869716096,  6.6341252,  6.7024021,  6.4846678,  0.2177343,NOT_AVAILABLE,      0,true, 26, 24,HD201377.fits.csv,OK,  0,   1.02,   0.04,   0.03,   1.74,   1.66,   1.97,   1.41
HD201601,1744662586614707072,  4.6535826,  4.7792139,  4.4261203,  0.3530936,VARIABLE,      0,true, 45, 39,HD201601.fits.csv,VAR,  0,   1.07,   0.05,   0.04,   4.76,   2.93,   4.02,   1.77
HD203638,6829361221730142848,  5.0564704,  5.6259341,  4.3499827,  1.2759514,NOT_AVAILABLE,      0,true, 44, 40,HD203638.fits.csv,OK,  1,   1.01,   0.03,   0.03,   3.06,   3.06,   2.68,   3.32
HD204041,2688034762857131136,  6.4260726,  6.4951463,  6.2685266,  0.2266197,NOT_AVAILABLE,      0,true, 41, 35,HD204041.fits.csv,OK,  0,   1.01,   0.04,   0.04,   2.82,   3.04,   4.39,   1.48
HD204155,2699301565882761344,  8.3453941,  8.6410294,  7.8720226,  0.7690067,NOT_AVAILABLE,      0,true, 43, 38,HD204155.fits.csv,OK,  0,   1.03,   0.03,   0.03,   3.39,   3.44,   4.92,   1.79
HD204543,2672702897842335872,  7.9937515,  8.5112705,  7.3031716,  1.2080989,NOT_AVAILABLE,      0,true, 41, 40,HD204543.fits.csv,OK,  0,   1.20,   0.13,   0.05,  17.97,   6.60,   8.21,   5.20
HD204724,1797346167298274304,  3.7691293,  4.7788167,  2.8327460,  1.9460707,NOT_AVAILABLE,      0,true, 49, 50,HD204724.fits.csv,SAT,  0,   1.03,   0.05,   0.05,   4.09,   3.96,   4.11,   3.88
HD204867,2671038928727970944,  2.7120852,  3.4768906,  2.3839340,  1.0929565,NOT_AVAILABLE,      0,true, 31, 31,HD204867.fits.csv,SAT/ESG,  0,   0.91,   0.31,   0.20,  10.70,   6.51,   8.93,   4.05
HD205202,1850440690450639232,  7.9978223,  8.2114859,  7.6224837,  0.5890021,NOT_AVAILABLE,      0,true, 55, 56,HD205202.fits.csv,OK,  0,   1.01,   0.02,   0.02,   2.47,   2.36,   2.84,   1.96
HD205811,2701125861831057792,  6.1879582,  6.1870589,  6.1611366,  0.0259223,NOT_AVAILABLE,      0,true, 42, 38,HD205811.fits.csv,OK,  0,   1.02,   0.04,   0.04,   3.21,   3.46,   4.71,   2.19
HD206860,1772187382746856320,  5.8195920,  6.1151419,  5.3542347,  0.7609072,NOT_AVAILABLE,      0,true, 30, 29,HD206860.fits.csv,VAR,  0,   1.05,   0.04,   0.04,   4.39,   3.85,   3.80,   3.91
HD207222,1792900051510535296,  8.5981998,  8.6266222,  8.5165749,  0.1100473,NOT_AVAILABLE,      0,true, 25, 26,HD207222.fits.csv,OK,  0,   1.08,   0.05,   0.05,   3.62,   3.75,   4.94,   2.60
HD207991,1979339496603106432,  6.2368250,  7.1271915,  5.3090434,  1.8181481,NOT_AVAILABLE,      0,true, 44, 42,HD207991.fits.csv,OK,  0,   1.04,   0.04,   0.04,   3.76,   3.22,   3.42,   3.09
HD209458,1779546757669063552,  7.5212455,  7.7932835,  7.0802879,  0.7129955,VARIABLE,      0,true, 21, 19,HD209458.fits.csv,VAR/planet,  0,   1.04,   0.05,   0.05,   3.01,   3.30,   4.52,   2.04
HD210111,6611824083124944384,  6.3262048,  6.4299159,  6.1063890,  0.3235269,NOT_AVAILABLE,      0,true, 43, 39,HD210111.fits.csv,VAR,  0,   1.06,   0.04,   0.04,   4.58,   4.69,   5.78,   3.76
HD210595,1879461475230522752,  9.0423498,  8.7579956,  8.1070089,  0.6509867,NOT_AVAILABLE,      0,true, 25, 24,HD210595.fits.csv,DMS,  0,   1.83,   0.39,   0.23,   7.09,   3.08,   4.45,   1.47
HD210745,2199493438511811712,  2.8701382,  3.8604443,  2.2879689,  1.5724754,NOT_AVAILABLE,      0,true, 34, 34,HD210745.fits.csv,SAT/RSG,  0,   0.85,   0.25,   0.16,   8.39,   3.95,   4.02,   3.91
HD210807,2230744513908056192,  4.5459895,  5.0138607,  3.9265304,  1.0873303,NOT_AVAILABLE,      0,true, 30, 29,HD210807.fits.csv,OK,  0,   1.09,   0.06,   0.04,   6.87,   3.40,   3.67,   3.20
HD210889,1906169987060497536,  5.0159464,  5.5884643,  4.3044519,  1.2840123,NOT_AVAILABLE,      0,true, 46, 44,HD210889.fits.csv,OK,  0,   1.06,   0.05,   0.04,   5.24,   4.20,   4.06,   4.32
HD212593,1999776222304976384,  4.5095158,  4.5735965,  4.3623047,  0.2112918,NOT_AVAILABLE,      0,true, 48, 45,HD212593.fits.csv,SAT/ESG,  0,   1.03,   0.03,   0.02,   2.81,   1.86,   2.18,   1.60
HD214539,6385794694664872320,  7.1975169,  7.2092385,  7.1152091,  0.0940294,NOT_AVAILABLE,      0,true, 55, 53,HD214539.fits.csv,ESG,  0,   1.08,   0.04,   0.04,   3.92,   4.19,   5.82,   2.49
HD215665,1876331990259358976,  3.6866872,  4.2482657,  3.0132704,  1.2349954,NOT_AVAILABLE,      0,true, 30, 30,HD215665.fits.csv,SAT,  0,   1.03,   0.05,   0.05,   3.04,   2.87,   2.86,   2.89
HD217014,2835207319109249920,  5.2832122,  5.6174655,  4.7888722,  0.8285933,NOT_AVAILABLE,      0,true, 29, 26,HD217014.fits.csv,planet,  0,   1.23,   0.15,   0.05,  13.91,   3.99,   4.01,   4.00
HD218029,2212347171817904640,  4.8701515,  5.4902253,  4.1271310,  1.3630943,NOT_AVAILABLE,      0,true, 31, 27,HD218029.fits.csv,OK,  0,   1.06,   0.05,   0.05,   3.86,   3.42,   3.55,   3.35
HD219623,1995681125599758592,  5.4463863,  5.7207384,  5.0170035,  0.7037349,NOT_AVAILABLE,      0,true, 41, 36,HD219623.fits.csv,OK,  0,   1.07,   0.05,   0.04,   5.13,   4.24,   4.30,   4.22
HD220575,1923557384765462528,  6.6875844,  6.6927571,  6.6281581,  0.0645990,NOT_AVAILABLE,      0,true, 66, 62,HD220575.fits.csv,OK,  0,   1.07,   0.04,   0.05,   4.81,   5.05,   6.42,   3.81
HD221377,1991693437445859840,  7.4696283,  7.6895761,  7.0826030,  0.6069732,NOT_AVAILABLE,      0,true, 65, 58,HD221377.fits.csv,OK,  0,   1.01,   0.02,   0.02,   2.13,   2.05,   2.62,   1.53
HD222404,2281778105594488192,  2.9429574,  3.6605105,  2.4036362,  1.2568743,NOT_AVAILABLE,      0,true, 31, 31,HD222404.fits.csv,SAT/BIN/planet,  0,   0.93,   0.14,   0.11,   8.02,   4.38,   5.66,   3.20
HD224801,386569051169184384,  6.3326764,  6.2956743,  6.3599229, -0.0642486,VARIABLE,      0,true, 46, 42,HD224801.fits.csv,VAR/ESG,  0,   1.03,   0.04,   0.03,   2.02,   1.39,   1.56,   1.27
HD232078,4321939179572488960,  7.6649532,  8.8592768,  6.5978599,  2.2614169,VARIABLE,      0,true, 35, 35,HD232078.fits.csv,VAR/AGB,  0,   1.07,   0.08,   0.08,   2.84,   2.66,   2.75,   2.60
HD232979,272855565763652480,  7.9525313,  8.8299208,  7.0314350,  1.7984858,NOT_AVAILABLE,      0,true, 46, 45,HD232979.fits.csv,VAR,  0,   1.04,   0.05,   0.04,   4.44,   4.28,   4.66,   4.01
HD284248,52624073910834176,  9.0934954,  9.3338442,  8.6768522,  0.6569920,NOT_AVAILABLE,      0,true, 50, 51,HD284248.fits.csv,OK,  0,   1.15,   0.09,   0.04,  11.10,   5.24,   7.10,   3.38
HD345957,1833577819925426944,  8.7393789,  9.0157137,  8.2747326,  0.7409811,NOT_AVAILABLE,      0,true, 58, 58,HD345957.fits.csv,OK,  0,   1.03,   0.02,   0.02,   3.07,   2.97,   2.38,   3.35
HR8086,1872046574983497216,  5.4506445,  6.2722530,  4.5569124,  1.7153406,NOT_AVAILABLE,      0,true, 45, 42,HR8086.fits.csv,VAR,  0,   1.01,   0.03,   0.04,   3.69,   3.74,   3.56,   3.88
LHS482,2185710338703934976, 11.1707935, 12.2315741, 10.1499615,  2.0816126,NOT_AVAILABLE,      0,true, 41, 41,LHS482.fits.csv,VAR,  0,   1.00,   0.04,   0.04,   3.06,   3.05,   3.70,   2.52
MMJ6476,604911135364519808, 11.2604437, 11.4009771, 11.0069122,  0.3940649,NOT_AVAILABLE,      0,true, 34, 34,MMJ6476.fits.csv,BSS,  0,   1.01,   0.03,   0.03,   2.02,   2.07,   2.11,   2.05
MMJ6490,604921202767814528, 10.9312277, 10.9684019, 10.8458414,  0.1225605,NOT_AVAILABLE,      0,true, 48, 47,MMJ6490.fits.csv,BSS,  0,   1.02,   0.04,   0.04,   2.52,   2.79,   3.57,   2.04
VBNVUL,2022835523801236864, 10.8075190, 11.3461418, 10.1115761,  1.2345657,VARIABLE,      0,true, 82, 88,VBNVUL.fits.csv,VAR,  0,   0.76,   0.52,   0.15,  10.31,   3.14,   4.50,   1.60
VIWCOM,4009780024436992000,  6.7890811,  8.3318577,  5.5571713,  2.7746863,VARIABLE,      0,true, 35, 36,VIWCOM.fits.csv,VAR,  0,   1.04,   0.07,   0.06,   3.70,   3.56,   5.05,   1.92
