UVES_id,source_id,phot_g_mean_mag,phot_bp_mean_mag,phot_rp_mean_mag,bp_rp,phot_variable_flag,non_single_star,has_xp_continuous,phot_bp_n_obs,phot_rp_n_obs,namecsv,SIMBAD,bestfitFLAG,ratioR,chiT,chiTadj,rchi2,rchi2adj,rchi2Badj,rchi2Radj
HD000142,4976894960284258048,  5.5867019,  5.8390980,  5.1695895,  0.6695085,NOT_AVAILABLE,      1,true, 80, 71,HD000142.fits.csv,CRO,  0,   1.00,   0.03,   0.03,   5.14,   4.97,   5.06,   4.94
HD000739,2309813109479463040,  5.1205902,  5.3561015,  4.7467022,  0.6093993,NOT_AVAILABLE,      0,true, 30, 25,HD000739.fits.csv,OK,  0,   1.01,   0.03,   0.02,   3.24,   2.85,   3.06,   2.71
HD001581,4900108950849461248,  4.0735102,  4.3694768,  3.6002007,  0.7692761,NOT_AVAILABLE,      0,true, 34, 33,HD001581.fits.csv,OK,  0,   0.99,   0.05,   0.05,   5.28,   5.50,   7.71,   3.06
HD002151,4683897617110115200,  2.6807318,  3.2956264,  2.3714890,  0.9241374,NOT_AVAILABLE,      0,true, 19, 19,HD002151.fits.csv,SAT,  0,   0.83,   0.25,   0.15,  14.43,   5.11,   6.58,   3.72
HD003158,4925088171405735680,  5.4478850,  5.6896901,  5.0534110,  0.6362791,NOT_AVAILABLE,      0,true, 45, 44,HD003158.fits.csv,OK,  0,   1.03,   0.03,   0.02,   4.78,   3.32,   3.71,   3.01
HD007312,4988805179472314368,  5.8937402,  6.0265598,  5.6365094,  0.3900504,NOT_AVAILABLE,      0,true, 50, 42,HD007312.fits.csv,VAR,  0,   1.04,   0.04,   0.03,   5.88,   4.69,   3.73,   5.31
HD007570,4934923028038871296,  4.8279195,  5.1077824,  4.3799143,  0.7278681,NOT_AVAILABLE,      0,true, 69, 63,HD007570.fits.csv,OK,  0,   1.06,   0.04,   0.04,   6.21,   5.73,   6.70,   3.90
HD010361,4911306239828325760,  5.6254873,  6.0899978,  4.9957995,  1.0941982,NOT_AVAILABLE,      0,true, 40, 39,HD010361.fits.csv,BIN,  0,   0.99,   0.03,   0.03,   4.83,   4.58,   6.58,   2.24
HD010647,4912580642524184960,  5.3831091,  5.6573124,  4.9468093,  0.7105031,NOT_AVAILABLE,      0,true, 46, 42,HD010647.fits.csv,OK,  0,   0.98,   0.04,   0.04,   3.87,   3.87,   4.18,   3.66
HD010840,4712976435488313216,  6.7669010,  6.7260513,  6.8082199, -0.0821686,VARIABLE,      0,true, 41, 41,HD010840.fits.csv,VAR,  0,   1.04,   0.04,   0.04,   2.69,   2.66,   3.58,   1.73
HD011171,2461043306017773696,  4.5682287,  4.7434058,  4.2835884,  0.4598174,NOT_AVAILABLE,      0,true, 34, 28,HD011171.fits.csv,OK,  0,   1.03,   0.04,   0.03,   5.32,   4.18,   4.30,   4.11
HD011643,4961654629610389376,  5.7876740,  6.3404908,  5.0844045,  1.2560863,NOT_AVAILABLE,      0,true, 71, 67,HD011643.fits.csv,OK,  0,   0.99,   0.03,   0.03,   8.06,   8.08,   9.88,   6.43
HD012642,2492286341237939328,  4.9186435,  5.8807068,  3.9409704,  1.9397364,NOT_AVAILABLE,      0,true, 21, 21,HD012642.fits.csv,OK,  0,   1.00, -20.00, -20.00,   2.61,   2.61,   2.61,   2.61
HD014802,5119953517683718400,  5.0178437,  5.3485856,  4.5391221,  0.8094635,NOT_AVAILABLE,      0,true, 32, 28,HD014802.fits.csv,OK,  0,   1.03,   0.04,   0.03,   4.72,   3.49,   4.82,   2.01
HD018242,4748477123328077696,  6.1172471,  8.9096508,  3.3091843,  5.6004667,NOT_AVAILABLE,      0,true, 33, 34,HD018242.fits.csv,VAR,  0,   0.00, 389.67,   0.39, 558.19,   2.73,   4.04,   0.91
HD018466,5065109121778224768,  6.1526999,  6.4137325,  5.7097917,  0.7039409,NOT_AVAILABLE,      0,true, 69, 68,HD018466.fits.csv,OK,  1,   1.00,   0.04,   0.04,   6.06,   5.57,   7.65,   3.37
HD018692,5073246882211822720,  5.5986996,  5.8002748,  5.2539258,  0.5463490,NOT_AVAILABLE,      0,true, 44, 40,HD018692.fits.csv,OK,  0,   0.96,   0.04,   0.05,   5.52,   4.19,   5.27,   3.20
HD020010,5059348952161258624,  3.8014393,  4.0820661,  3.3602977,  0.7217684,NOT_AVAILABLE,      0,true,109,107,HD020010.fits.csv,SAT,  0,   0.99,   0.05,   0.04,   7.14,   5.51,   6.75,   4.40
HD020234,4727337637895749888,  4.5381293,  5.9362240,  3.4171982,  2.5190258,VARIABLE,      0,true, 49, 49,HD020234.fits.csv,C,  0,   1.05,   0.12,   0.12,   6.95,   6.64,   7.38,   6.08
HD020807,4722135642226902656,  5.0796084,  5.3797417,  4.5940652,  0.7856765,NOT_AVAILABLE,      0,true, 42, 44,HD020807.fits.csv,DMS,  0,   1.03,   0.04,   0.03,   4.37,   2.89,   3.43,   2.46
HD021423,4860808694421129600,  6.3848500,  6.4128122,  6.3074155,  0.1053967,NOT_AVAILABLE,      0,true, 54, 50,HD021423.fits.csv,VAR,  0,   1.00,   0.04,   0.04,   4.45,   4.50,   5.07,   4.06
HD024616,5084391257193086336,  6.4524870,  6.8834033,  5.8414974,  1.0419059,NOT_AVAILABLE,      0,true, 55, 51,HD024616.fits.csv,OK,  0,   1.02,   0.03,   0.03,   4.18,   4.21,   5.96,   2.26
HD026612,4840555106121661952,  4.7767110,  5.0161333,  4.5301957,  0.4859376,NOT_AVAILABLE,      0,true, 33, 29,HD026612.fits.csv,DMS,  0,   0.97,   0.04,   0.04,   3.92,   3.94,   3.38,   4.32
HD027256,4676528209144882304,  3.1259058,  3.7202733,  2.5713940,  1.1488793,NOT_AVAILABLE,      0,true, 48, 48,HD027256.fits.csv,SAT,  0,   1.01,   0.10,   0.10,   3.53,   3.32,   4.43,   2.21
HD027411,4897544649215563008,  6.0422902,  6.1643109,  5.8113871,  0.3529239,NOT_AVAILABLE,      0,true, 54, 49,HD027411.fits.csv,OK,  0,   0.96,   0.05,   0.05,   8.88,   6.48,   7.61,   5.56
HD029138,4615219578218188928,  7.1553926,  7.0977821,  7.2051678, -0.1073856,NOT_AVAILABLE,      0,true, 35, 35,HD029138.fits.csv,OK,  0,   1.02,   0.04,   0.03,   2.79,   1.80,   2.01,   1.63
HD030562,3188395880157173120,  5.6183434,  5.9314270,  5.1397080,  0.7917190,NOT_AVAILABLE,      0,true, 35, 33,HD030562.fits.csv,OK,  0,   1.20,   0.09,   0.07,  17.52,  11.45,  14.30,   8.80
HD030677,3289656915346252032,  6.8133602,  6.7746882,  6.8239717, -0.0492835,NOT_AVAILABLE,      0,true, 45, 39,HD030677.fits.csv,OK,  0,   1.03,   0.04,   0.04,   2.99,   3.37,   4.72,   1.82
HD032667,2960561059245715968,  5.5735912,  5.6118627,  5.4823771,  0.1294856,NOT_AVAILABLE,      0,true, 54, 45,HD032667.fits.csv,OK,  0,   1.01,   0.04,   0.04,   5.79,   5.68,   4.45,   6.45
HD033256,3212075924646082176,  4.9814367,  5.2263784,  4.5947251,  0.6316533,NOT_AVAILABLE,      0,true, 63, 58,HD033256.fits.csv,OK,  0,   1.06,   0.04,   0.03,   7.32,   5.96,   7.17,   4.93
HD034055,3215512718819788288,  5.1974483,  7.0940337,  3.8719182,  3.2221155,VARIABLE,      0,true, 31, 31,HD034055.fits.csv,VAR,  0,   0.74,   0.33,   0.13,  21.90,  10.58,  13.12,   8.35
HD034295,2954791234539940864,  7.1040926,  7.2148905,  6.8853512,  0.3295393,NOT_AVAILABLE,      0,true, 54, 48,HD034295.fits.csv,OK,  0,   0.99,   0.04,   0.03,   4.39,   3.79,   4.55,   3.16
HD035072,4772547941122028672,  5.3059335,  5.5692797,  4.8924637,  0.6768160,NOT_AVAILABLE,      0,true, 24, 22,HD035072.fits.csv,OK,  0,   1.10,   0.06,   0.05,   7.58,   5.66,   6.07,   5.37
HD036646,3217181124645104384,  6.7397957,  6.5175104,  6.6791391, -0.1616287,VARIABLE,      0,true, 31, 30,HD036646.fits.csv,BIN,  0,   0.95,   0.07,   0.09,   2.70,   2.02,   3.02,   0.66
HD036861,3337991583943473280,  3.5281031,  3.4947097,  3.6371272, -0.1424174,NOT_AVAILABLE,      0,true, 29, 29,HD036861.fits.csv,BIN,  0,   0.91,   0.17,   0.08,  12.09,   3.44,   4.69,   2.14
HD036959,3017187866581306368,  5.6786079,  5.5113807,  5.8332291, -0.3218484,NOT_AVAILABLE,      0,true, 39, 37,HD036959.fits.csv,YSO,  0,   1.02,   0.04,   0.03,   2.66,   2.01,   2.71,   1.31
HD037055,3215970150016618880,  6.3937335,  6.2997856,  6.4788766, -0.1790910,VARIABLE,      0,true, 31, 30,HD037055.fits.csv,CRO,  0,   0.99,   0.05,   0.05,   2.72,   2.64,   3.26,   2.09
HD037227,4766376347995853056,  6.6701565,  6.8488731,  6.3479643,  0.5009089,NOT_AVAILABLE,      0,true, 24, 23,HD037227.fits.csv,OK,  1,   1.01,   0.03,   0.03,   2.96,   2.98,   3.03,   2.96
HD037490,3224479171721217280,  4.4665771,  4.4311452,  4.5073137, -0.0761685,NOT_AVAILABLE,      0,true, 38, 37,HD037490.fits.csv,Be,  0,   1.01,   0.04,   0.04,   2.31,   2.34,   3.01,   1.65
HD037495,2907306935108521088,  5.1550131,  5.4018888,  4.7645097,  0.6373792,NOT_AVAILABLE,      0,true, 41, 37,HD037495.fits.csv,OK,  0,   0.98,   0.03,   0.03,   5.39,   4.53,   5.10,   4.10
HD037811,2901273846086933888,  5.2005048,  5.6592484,  4.5899615,  1.0692868,NOT_AVAILABLE,      0,true, 32, 28,HD037811.fits.csv,OK,  0,   1.02,   0.03,   0.03,   3.65,   3.60,   4.12,   3.19
HD038393,2964000159821218432,  3.4768231,  3.7968590,  3.0440361,  0.7528229,NOT_AVAILABLE,      0,true, 60, 61,HD038393.fits.csv,SAT,  0,   1.03,   0.07,   0.06,   6.56,   4.84,   6.64,   2.87
HD039060,4792774797545800832,  3.8232422,  3.9215844,  3.6601520,  0.2614324,NOT_AVAILABLE,      0,true, 25, 25,HD039060.fits.csv,SAT,  0,   0.89,   0.09,   0.08,  12.74,   4.41,   3.53,   4.96
HD040136,2995725777563537792,  3.6358559,  3.8544617,  3.3150194,  0.5394423,NOT_AVAILABLE,      0,true, 37, 37,HD040136.fits.csv,SAT,  0,   1.08,   0.07,   0.05,   8.92,   4.20,   4.26,   4.18
HD042682,5572962581890940160,  4.4809070,  5.7753429,  3.3500657,  2.4252772,VARIABLE,      0,true, 25, 25,HD042682.fits.csv,VAR,  0,   0.98,   0.06,   0.06,   5.75,   5.57,   7.86,   2.96
HD045725,3006953165675574272,  4.5395288,  4.5008135,  4.5559583, -0.0551448,NOT_AVAILABLE,      0,true, 36, 34,HD045725.fits.csv,Be,  0,   0.53,   1.15,   0.15,  79.53,   8.46,  11.55,   5.24
HD046185,2952064789303651200,  6.7702756,  6.6724734,  6.9206581, -0.2481847,VARIABLE,      0,true, 44, 40,HD046185.fits.csv,OK,  0,   0.98,   0.04,   0.05,   2.60,   2.22,   2.58,   1.92
HD046462,5580297801916850048,  7.6450057,  7.4623208,  7.5898757, -0.1275549,VARIABLE,      0,true, 37, 37,HD046462.fits.csv,VAR,  0,   0.99,   0.05,   0.05,   1.62,   1.67,   2.41,   0.72
HD047116,2923818473022846976,  7.6994090,  7.6800280,  7.7057886, -0.0257607,VARIABLE,      0,true, 63, 58,HD047116.fits.csv,OK,  0,   1.00,   0.05,   0.05,   5.75,   5.16,   6.26,   4.17
HD047306,5501284972198817536,  4.3258247,  4.3454027,  4.2684822,  0.0769205,NOT_AVAILABLE,      0,true, 29, 24,HD047306.fits.csv,OK,  0,   1.05,   0.04,   0.03,   5.62,   3.98,   3.16,   4.49
HD049131,5584339709742678528,  5.7385941,  5.5943313,  5.8250618, -0.2307305,VARIABLE,      0,true, 35, 34,HD049131.fits.csv,Be,  0,   1.17,   0.09,   0.10,   1.73,   1.31,   1.82,   0.76
HD049333,2926942116843379968,  6.0388002,  5.9498491,  6.1676092, -0.2177601,VARIABLE,      0,true, 86, 79,HD049333.fits.csv,VAR,  0,   0.99,   0.04,   0.04,   4.83,   4.75,   4.74,   4.77
HD049888,2952758856018716288,  7.2744842,  7.1990905,  7.3648334, -0.1657429,NOT_AVAILABLE,      0,true, 35, 35,HD049888.fits.csv,BS,  0,   1.00,   0.14,   0.08,   4.52,   2.70,   2.35,   3.19
HD050896,2922367976673391232,  6.5831623,  6.5606937,  6.5309567,  0.0297370,VARIABLE,      0,true, 67, 64,HD050896.fits.csv,WR,  0,   1.02,   0.23,   0.23,  12.13,  12.03,  13.54,  10.79
HD051876,2947766145514856064,  7.1079798,  7.0634327,  7.1491551, -0.0857224,NOT_AVAILABLE,      0,true, 75, 67,HD051876.fits.csv,OK,  0,   0.85,   0.06,   0.06,  11.05,   9.50,   3.72,  14.39
HD055892,5509770796785820416,  4.3830099,  4.5710940,  4.0772033,  0.4938908,NOT_AVAILABLE,      0,true, 26, 23,HD055892.fits.csv,VAR,  0,   1.04,   0.04,   0.03,   4.43,   2.46,   3.02,   1.96
HD057167,3030977013710528768,  5.6195521,  5.7862020,  5.2971487,  0.4890532,VARIABLE,      0,true, 31, 31,HD057167.fits.csv,EB,  0,   1.01,   0.04,   0.04,   3.60,   2.86,   2.16,   3.30
HD058343,3028075299446506880,  5.1530871,  5.1135283,  5.0956669,  0.0178614,VARIABLE,      0,true, 37, 37,HD058343.fits.csv,Be,  0,   1.00,   0.15,   0.14,   4.21,   3.82,   5.88,   0.56
HD058377,5605851482951097600,  6.7541122,  6.6706057,  6.8708057, -0.2002001,NOT_AVAILABLE,      0,true, 49, 40,HD058377.fits.csv,OK,  1,   1.00,   0.03,   0.04,   3.25,   3.10,   3.43,   2.86
HD058978,5618635367207942400,  5.5251842,  5.4876404,  5.5085173, -0.0208769,NOT_AVAILABLE,      0,true, 59, 53,HD058978.fits.csv,Be,  0,   1.00,   0.03,   0.03,   3.89,   4.28,   4.22,   4.33
HD059468,5493588665684618752,  6.5475388,  6.8943577,  6.0285997,  0.8657579,NOT_AVAILABLE,      0,true, 36, 36,HD059468.fits.csv,OK,  1,   1.00,   0.03,   0.03,   3.26,   3.44,   4.79,   1.97
HD059967,5586381090520538880,  6.5029130,  6.8193164,  6.0125165,  0.8067999,NOT_AVAILABLE,      0,true, 39, 35,HD059967.fits.csv,OK,  1,   0.99,   0.03,   0.03,   2.63,   2.72,   3.70,   1.70
HD060498,5591877995828084992,  7.3154683,  7.2384462,  7.4261007, -0.1876545,NOT_AVAILABLE,      0,true, 46, 42,HD060498.fits.csv,OK,  0,   0.96,   0.04,   0.04,   4.19,   3.20,   3.76,   2.74
HD061429,5614158258941878144,  4.6574612,  4.6012144,  4.6913428, -0.0901284,VARIABLE,      0,true, 59, 51,HD061429.fits.csv,EB,  0,   1.07,   0.05,   0.04,   9.50,   5.19,   5.24,   5.18
HD062623,5599824647403389952,  3.8961058,  4.0206289,  3.6194382,  0.4011908,NOT_AVAILABLE,      0,true, 44, 42,HD062623.fits.csv,ESG,  0,   1.07,   0.06,   0.03,   8.25,   4.23,   3.56,   4.69
HD062714,5487758058599409920,  7.2385421,  7.1938357,  7.2873335, -0.0934978,VARIABLE,      0,true, 31, 32,HD062714.fits.csv,VAR,  0,   0.99,   0.05,   0.05,   3.26,   2.72,   3.36,   2.14
HD063077,5588607120530408832,  5.1940136,  5.5013371,  4.7056036,  0.7957335,NOT_AVAILABLE,      0,true, 42, 40,HD063077.fits.csv,OK,  0,   1.04,   0.04,   0.03,   3.55,   2.25,   2.78,   1.76
HD064972,5600487068801314048,  7.1653118,  7.0993872,  7.2464490, -0.1470618,NOT_AVAILABLE,      0,true, 57, 55,HD064972.fits.csv,VAR,  0,   1.00,   0.03,   0.03,   3.02,   3.03,   3.04,   3.03
HD065810,5714859436545926016,  4.5920415,  4.6248655,  4.4715247,  0.1533408,NOT_AVAILABLE,      0,true, 39, 34,HD065810.fits.csv,OK,  1,   1.01,   0.05,   0.04,   5.40,   4.71,   3.68,   5.36
HD065925,5537802295990019968,  5.1851730,  5.3244252,  4.7729025,  0.5515227,NOT_AVAILABLE,      0,true, 31, 29,HD065925.fits.csv,DMS,  0,   1.28,   0.11,   0.16,  12.65,   6.59,   9.34,   3.34
HD066698,5597444857563449600,  7.7280359,  7.7106552,  7.7129788, -0.0023236,VARIABLE,      0,true, 61, 58,HD066698.fits.csv,VAR,  0,   0.99,   0.04,   0.04,   4.26,   4.25,   4.53,   4.05
HD067523,5698015743046182272,  2.7505891,  3.3020041,  2.5121741,  0.7898300,NOT_AVAILABLE,      0,true, 35, 35,HD067523.fits.csv,SAT,  0,   0.96,   0.21,   0.18,  12.75,  10.03,  15.07,   2.73
HD068761,5541506859905246976,  6.5008969,  6.4469771,  6.5432482, -0.0962710,NOT_AVAILABLE,      0,true, 44, 38,HD068761.fits.csv,OK,  0,   1.02,   0.04,   0.04,   3.38,   3.58,   4.92,   2.10
HD068808,5519380081746387328,  5.5875311,  5.8866253,  5.0936804,  0.7929449,VARIABLE,      0,true, 30, 30,HD068808.fits.csv,VAR,  0,   1.23,   0.12, -20.00,   2.61,   3.41,   3.41,   3.41
HD070574,3065006795502406528,  6.1081347,  6.2096815,  5.9035864,  0.3060951,NOT_AVAILABLE,      0,true, 40, 39,HD070574.fits.csv,OK,  0,   1.02,   0.04,   0.04,   4.73,   4.51,   4.40,   4.61
HD072067,5523058154294668544,  6.2402258,  5.7063460,  5.9371877, -0.2308416,NOT_AVAILABLE,      0,true, 33, 30,HD072067.fits.csv,Be,  0,   1.06,   0.06,   0.04,   3.93,   2.09,   2.73,   1.45
HD073634,5523539671667837952,  4.0997505,  4.1631804,  3.8962724,  0.2669079,NOT_AVAILABLE,      0,true, 25, 27,HD073634.fits.csv,OK,  0,   1.07,   0.04,   0.04,   7.07,   5.62,   4.43,   6.38
HD074180,5521599549054493696,  3.5536344,  4.0271053,  2.9155130,  1.1115923,NOT_AVAILABLE,      0,true, 33, 33,HD074180.fits.csv,SAT,  0,   0.93,   0.08,   0.06,   5.51,   4.32,   4.61,   2.48
HD074272,5329412200783621120,  4.6968141,  4.7999816,  4.5001144,  0.2998672,NOT_AVAILABLE,      0,true, 25, 22,HD074272.fits.csv,OK,  0,   1.03,   0.04,   0.03,   4.29,   3.82,   3.31,   4.18
HD074966,5625409698860914432,  7.4244771,  7.3426957,  7.5411949, -0.1984992,VARIABLE,      0,true, 47, 41,HD074966.fits.csv,OK,  0,   1.00,   0.04,   0.04,   3.43,   3.62,   3.46,   3.91
HD075063,5329941409468845824,  3.8647258,  3.8933301,  3.7533784,  0.1399517,NOT_AVAILABLE,      0,true, 30, 31,HD075063.fits.csv,SAT,  0,   1.08,   0.06,   0.05,   9.02,   4.50,   3.63,   5.06
HD075276,5329890866290156288,  5.5550952,  5.8999753,  5.0238628,  0.8761125,NOT_AVAILABLE,      0,true, 34, 30,HD075276.fits.csv,OK,  0,   0.98, -20.00, -20.00,   0.54,   0.54,   0.54,   0.54
HD076131,5316688377342006912,  6.6676564,  6.6469541,  6.6603150, -0.0133610,NOT_AVAILABLE,      0,true, 52, 46,HD076131.fits.csv,OK,  0,   0.97,   0.04,   0.04,   4.40,   3.10,   3.46,   2.82
HD076341,5524337882746365952,  7.0340414,  7.1839862,  6.7173181,  0.4666681,NOT_AVAILABLE,      0,true, 43, 44,HD076341.fits.csv,ELS,  0,   1.08,   0.04,   0.04,   5.02,   5.45,   7.72,   2.80
HD076932,5730371484020807808,  5.6518154,  5.9369235,  5.1942225,  0.7427011,NOT_AVAILABLE,      0,true, 30, 29,HD076932.fits.csv,OK,  0,   0.97,   0.04,   0.03,   6.23,   3.35,   4.26,   2.51
HD077020,5328473355278379136,  5.6129513,  6.1236873,  4.9457073,  1.1779799,NOT_AVAILABLE,      0,true, 33, 33,HD077020.fits.csv,OK,  0,   0.89,   0.09,   0.06,  16.09,  10.68,  16.01,   3.33
HD078791,5218900665015560064,  4.3295054,  4.6301436,  3.8289101,  0.8012335,NOT_AVAILABLE,      0,true, 22, 20,HD078791.fits.csv,BIN,  0,   0.99,   0.04,   0.04,   4.05,   4.02,   3.31,   4.49
HD079698,5300463124771216896,  5.3148279,  5.7354646,  4.7274919,  1.0079727,NOT_AVAILABLE,      0,true, 42, 39,HD079698.fits.csv,OK,  0,   0.97, -20.00, -20.00,   1.68,   1.68,   1.68,   1.68
HD080057,5423801425726635264,  5.9414463,  6.1096873,  5.6029472,  0.5067401,VARIABLE,      0,true, 37, 31,HD080057.fits.csv,VAR,  0,   0.97, -20.00, -20.00,   1.68,   1.68,   1.68,   1.68
HD081471,5313280715934982144,  5.8698606,  6.2211370,  5.3093834,  0.9117537,NOT_AVAILABLE,      0,true, 41, 39,HD081471.fits.csv,OK?,  0,   0.97, -20.00, -20.00,   1.68,   1.68,   1.68,   1.68
HD082668,5306951892646516992,  2.5465453,  3.7475293,  2.1003063,  1.6472230,NOT_AVAILABLE,      0,true, 33, 32,HD082668.fits.csv,SAT,  0,   0.78,   0.36,   0.19,  14.56,   7.60,   8.29,   0.77
HD083240,3854247614992959872,  4.6944442,  5.2395306,  4.0283198,  1.2112107,NOT_AVAILABLE,      0,true, 34, 33,HD083240.fits.csv,BIN,  0,   1.02,   0.05,   0.05,   8.67,   7.86,   7.73,   8.01
HD083312,5247689452847083264,  7.5048947,  7.5087438,  7.4294372,  0.0793066,NOT_AVAILABLE,      2,true, 42, 41,HD083312.fits.csv,Be,  0,   0.99,   0.08,   0.06,   8.58,   4.54,   5.01,   4.20
HD083368,5410092611674819840,  6.2194195,  6.3192334,  6.0216837,  0.2975497,NOT_AVAILABLE,      0,true, 47, 47,HD083368.fits.csv,VAR,  0,   1.02,   0.04,   0.04,   3.75,   3.84,   4.82,   2.93
HD084461,5309205822766572032,  5.5429454,  5.5174627,  5.5552301, -0.0377674,NOT_AVAILABLE,      0,true, 40, 38,HD084461.fits.csv,OK,  0,   1.02,   0.04,   0.04,   5.06,   4.47,   3.45,   5.12
HD084937,615943806835727872,  8.2067213,  8.4229174,  7.8167276,  0.6061897,NOT_AVAILABLE,      0,true, 26, 26,HD084937.fits.csv,ChP,  0,   0.96,   0.03,   0.03,   3.22,   2.87,   3.55,   2.23
HD085552,5432365968466188800,  7.5814929,  7.9497590,  7.0356588,  0.9141002,NOT_AVAILABLE,      0,true, 73, 73,HD085552.fits.csv,OK,  0,   0.95,   0.05,   0.05,   7.79,   8.16,  12.23,   2.74
HD088366,5253294179046079872,  5.9137588,  7.6226969,  4.6247115,  2.9979854,VARIABLE,      0,true, 31, 31,HD088366.fits.csv,VAR,  0,   0.29,   2.42,   0.33,  11.06,   1.92,   0.95,   2.40
HD089587,5358432740734758528,  6.8628283,  6.7831688,  6.9727607, -0.1895919,VARIABLE,      0,true, 58, 59,HD089587.fits.csv,OK,  0,   1.02,   0.04,   0.04,   4.14,   4.06,   4.29,   3.91
HD089736,5365315790907090944,  4.9787912,  5.9063473,  4.0282245,  1.8781228,NOT_AVAILABLE,      0,true, 56, 55,HD089736.fits.csv,OK,  0,   0.98,   0.05,   0.05,   9.20,   9.33,  12.43,   6.14
HD090132,5441977138905560576,  5.2775369,  5.4030070,  5.0439153,  0.3590918,NOT_AVAILABLE,      0,true, 70, 60,HD090132.fits.csv,OK,  0,   1.02,   0.05,   0.04,   9.36,   8.75,   7.15,   9.81
HD090177,5255045082580350080,  8.2015009,  8.8076220,  7.4034362,  1.4041858,VARIABLE,      0,true, 52, 52,HD090177.fits.csv,BS,  0,   0.29,   2.06,   0.17, 122.66,  11.83,  17.03,   5.46
HD090772,5351701122540337792,  4.4831128,  4.8073144,  3.9853415,  0.8219728,VARIABLE,      0,true, 29, 27,HD090772.fits.csv,VAR,  0,   1.12,   0.06,   0.05,   6.90,   5.37,   6.48,   4.39
HD091793,5440991156144997504,  4.1879239,  5.8172016,  3.0252049,  2.7919967,VARIABLE,      0,true, 53, 58,HD091793.fits.csv,C,  0,   1.03,   0.14,   0.14,   8.43,   7.79,   9.53,   6.79
HD092305,5199386085968886528,  3.4216900,  4.4064651,  2.5880539,  1.8184111,NOT_AVAILABLE,      0,true, 24, 23,HD092305.fits.csv,SAT,  0,   1.04,   0.08,   0.08,   5.21,   5.21,   6.27,   4.29
HD092626,5364553966782362752,  6.7717719,  7.3683014,  6.0412421,  1.3270593,NOT_AVAILABLE,      2,true, 58, 54,HD092626.fits.csv,BIN,  0,   1.00,   0.04,   0.04,   6.50,   6.94,   9.00,   4.92
HD092740,5350370026290390912,  6.2570052,  6.3452535,  6.0124536,  0.3327999,VARIABLE,      0,true, 35, 35,HD092740.fits.csv,WR,  0,   1.02,   0.07,   0.07,   4.87,   4.63,   5.64,   3.66
HD093131,5254268071479968512,  6.3700418,  6.3804202,  6.2533565,  0.1270638,VARIABLE,      0,true, 39, 38,HD093131.fits.csv,WR,  0,   1.02,   0.06,   0.06,   4.97,   5.03,   5.24,   4.84
HD094660,5388486280466017536,  6.0683947,  6.0390801,  6.0827351, -0.0436549,NOT_AVAILABLE,      0,true, 78, 71,HD094660.fits.csv,VAR,  0,   0.99,   0.04,   0.04,   6.27,   6.05,   5.60,   6.39
HD094910,5338220285385672064,  7.2879915,  7.6193609,  6.7283630,  0.8909979,VARIABLE,      0,true, 47, 48,HD094910.fits.csv,WR,  0,   0.60,   0.48,   0.23,   4.10,   3.10,   4.68,   0.70
HD094963,5241879697825137280,  7.1025600,  7.0451627,  7.1438646, -0.0987020,NOT_AVAILABLE,      0,true, 40, 39,HD094963.fits.csv,ELS,  0,   1.01,   0.04,   0.04,   2.43,   2.74,   4.00,   1.15
HD095950,5338040205991255296,  5.4932246,  6.7576437,  4.3695698,  2.3880739,VARIABLE,      0,true, 37, 37,HD095950.fits.csv,RS,  0,   0.98,   0.07,   0.07,   7.64,   7.78,  11.05,   4.03
HD096917,5340725660047993600,  7.0168395,  7.0482025,  6.8772335,  0.1709690,VARIABLE,      0,true, 48, 47,HD096917.fits.csv,VAR,  0,   1.04,   0.05,   0.04,   3.49,   3.86,   5.59,   1.72
HD097082,5339394082770287232,  6.5774384,  7.0281920,  5.9869881,  1.0412040,VARIABLE,      0,true, 45, 45,HD097082.fits.csv,VAR,  0,   0.99,   0.06,   0.06,   1.45,   1.34,   1.38,   1.31
HD097253,5337669189536576000,  7.0347204,  7.1065888,  6.8402939,  0.2662950,NOT_AVAILABLE,      0,true, 41, 41,HD097253.fits.csv,BIN,  0,   0.95,   0.04,   0.05,   4.72,   3.60,   4.37,   2.92
HD097534,5337672556798367360,  4.4313822,  4.7499704,  3.9103613,  0.8396091,NOT_AVAILABLE,      0,true, 30, 29,HD097534.fits.csv,ESG,  0,   0.99, -20.00, -20.00,   0.57,   0.57,   0.57,   0.57
HD099322,5398114596413589120,  4.9689512,  5.4507284,  4.3085880,  1.1421404,NOT_AVAILABLE,      0,true, 49, 47,HD099322.fits.csv,OK,  1,   1.00,   0.03,   0.03,   4.24,   4.09,   5.07,   3.22
HD100623,3478127463341507072,  5.7383237,  6.1541972,  5.1501684,  1.0040288,NOT_AVAILABLE,      0,true, 57, 51,HD100623.fits.csv,OK,  0,   1.17,   0.10,   0.05,  20.15,   9.70,  15.12,   5.35
HD100841,5333974693006467328,  3.1292858,  3.3398247,  3.0674758,  0.2723489,NOT_AVAILABLE,      0,true, 33, 33,HD100841.fits.csv,SAT,  0,   1.08,   0.20,   0.23,  12.16,  10.50,  14.92,   5.30
HD101065,5372587514128271232,  7.9347024,  8.2236538,  7.4950142,  0.7286396,NOT_AVAILABLE,      0,true, 56, 51,HD101065.fits.csv,VAR,  0,   0.87,   0.10,   0.09,  17.68,   9.26,  12.97,   4.95
HD101584,5343168568718268800,  6.9196382,  7.1031899,  6.4735765,  0.6296134,VARIABLE,      0,true, 56, 50,HD101584.fits.csv,PAGB,  0,   0.99,   0.04,   0.03,   4.59,   3.38,   4.08,   2.78
HD101947,5333358794709001216,  4.7915730,  5.2268314,  4.1824059,  1.0444255,VARIABLE,      0,true, 32, 32,HD101947.fits.csv,VAR,  0,   0.99,   0.05,   0.04,   3.15,   3.15,   3.39,   2.96
HD102878,5334608080460780672,  5.5906439,  5.7506576,  5.2739544,  0.4767032,VARIABLE,      0,true, 35, 31,HD102878.fits.csv,OK?,  0,   1.09,   0.08,   0.09,   8.43,   4.89,   8.65,   2.79
HD104111,5334558087036932992,  6.2606578,  6.4457469,  5.9013700,  0.5443769,NOT_AVAILABLE,      0,true, 41, 36,HD104111.fits.csv,CRO,  0,   0.99, -20.00, -20.00,   0.30,   0.30,   0.30,   0.30
HD104237,5836666564476158336,  6.5583506,  6.6785226,  6.2952437,  0.3832788,NOT_AVAILABLE,      0,true, 33, 33,HD104237.fits.csv,HeAB,  0,   0.73,   0.22,   0.14,  17.03,   6.35,   9.28,   2.74
HD104304,3575733210781078016,  5.3550773,  5.7311568,  4.8056283,  0.9255285,NOT_AVAILABLE,      0,true, 46, 39,HD104304.fits.csv,OK,  0,   1.05, -20.00, -20.00,   0.32,   0.32,   0.32,   0.32
HD105056,5856117406232328832,  7.3176084,  7.3382750,  7.2011180,  0.1371570,VARIABLE,      0,true, 52, 52,HD105056.fits.csv,BS,  0,   1.01,   0.04,   0.04,   2.35,   2.72,   3.81,   1.47
HD105071,6052948267023660032,  6.2251406,  6.3312025,  5.9835672,  0.3476353,VARIABLE,      0,true, 48, 44,HD105071.fits.csv,OK,  0,   0.98,   0.05,   0.05,   4.58,   3.22,   4.56,   1.61
HD105113,3466217935643483392,  6.4697828,  6.7657356,  5.9983735,  0.7673621,NOT_AVAILABLE,      0,true, 40, 38,HD105113.fits.csv,DMS,  0,   1.00,   0.03,   0.03,   3.07,   2.94,   3.45,   2.50
HD105211,6053245135154609280,  4.0608897,  4.2305994,  3.7365501,  0.4940493,NOT_AVAILABLE,      0,true, 43, 41,HD105211.fits.csv,BIN,  0,   1.00,   0.04,   0.04,   4.40,   4.02,   3.82,   4.19
HD106068,6054416870941383296,  5.8313837,  6.0024452,  5.4908795,  0.5115657,VARIABLE,      0,true, 37, 35,HD106068.fits.csv,OK,  0,   1.01,   0.02,   0.02,   2.47,   2.51,   2.55,   2.50
HD107446,6058271964884299520,  3.1038253,  3.9830196,  2.4314520,  1.5515676,NOT_AVAILABLE,      0,true, 46, 43,HD107446.fits.csv,SAT,  0,   0.90,   0.13,   0.13,  10.04,   5.53,   5.33,   5.67
HD108968,6058439910929477120,  5.2722187,  5.6101623,  4.7685614,  0.8416009,VARIABLE,      0,true, 45, 45,HD108968.fits.csv,VAR,  0,   0.95,   0.07,   0.07,   4.59,   4.07,   4.93,   3.34
HD109026,5842864786417716608,  3.8161688,  3.7431409,  3.9231374, -0.1799965,NOT_AVAILABLE,      0,true, 25, 22,HD109026.fits.csv,SAT,  0,   1.14,   0.06,   0.08,   9.70,   6.04,   5.30,   6.54
HD109379,3501215734352781440,  2.4482830,  3.3300257,  2.2373757,  1.0926499,NOT_AVAILABLE,      0,true, 24, 24,HD109379.fits.csv,SAT,  0,   0.74,   0.46,   0.22,   8.87,   2.70,   3.34,   2.12
HD109867,5856874901058844160,  6.2086902,  6.2225661,  6.1218133,  0.1007528,VARIABLE,      0,true, 41, 39,HD109867.fits.csv,BS,  0,   1.02,   0.04,   0.04,   4.20,   4.77,   6.94,   2.01
HD109931,3516934936698212352,  5.9274383,  6.0773683,  5.6476035,  0.4297647,NOT_AVAILABLE,      0,true, 41, 40,HD109931.fits.csv,OK,  1,   0.99,   0.03,   0.03,   3.27,   3.22,   3.71,   2.84
HD110385,3515784744456187520,  5.9310455,  6.1245441,  5.5916409,  0.5329032,NOT_AVAILABLE,      0,true, 49, 39,HD110385.fits.csv,OK,  0,   1.03,   0.04,   0.03,   7.14,   4.38,   4.82,   4.05
HD110458,6127817277882986496,  4.3601103,  4.9001670,  3.6782575,  1.2219095,NOT_AVAILABLE,      0,true, 44, 43,HD110458.fits.csv,OK,  0,   1.00,   0.04,   0.04,   5.71,   5.73,   6.91,   4.72
HD111786,3495820568233709952,  6.0887022,  6.2048426,  5.8447738,  0.3600688,NOT_AVAILABLE,      0,true, 21, 20,HD111786.fits.csv,VAR,  0,   1.01,   0.03,   0.03,   2.92,   3.03,   3.61,   2.56
HD112272,5861887402770403328,  7.0281539,  7.5017233,  6.3517118,  1.1500115,VARIABLE,      0,true, 49, 49,HD112272.fits.csv,BS,  0,   0.93,   0.07,   0.04,   7.78,   4.45,   6.55,   1.69
HD112409,6081364732673284864,  5.1372023,  5.1035824,  5.1930833, -0.0895009,NOT_AVAILABLE,      0,true, 38, 35,HD112409.fits.csv,VAR,  0,   0.58,   0.75,   0.04,  96.08,   4.95,   5.47,   4.54
HD112842,6055990993633719040,  6.9839807,  7.0982637,  6.7208638,  0.3773999,NOT_AVAILABLE,      0,true, 57, 55,HD112842.fits.csv,OK,  0,   0.98,   0.04,   0.03,   3.64,   3.81,   4.04,   3.47
HD113904,5858915766471945984,  5.5893230,  5.5730677,  5.5575233,  0.0155444,NOT_AVAILABLE,      0,true, 33, 30,HD113904.fits.csv,WR,  0,   6.21,   0.84,   0.09,  77.73,   4.91,   5.19,   4.73
HD114365,6080068545902295040,  6.0275850,  5.9773445,  6.0814934, -0.1041489,VARIABLE,      0,true, 42, 36,HD114365.fits.csv,VAR,  0,   1.01,   0.03,   0.03,   3.07,   3.13,   3.47,   2.87
HD114642,3511640513332581504,  4.8962994,  5.1451550,  4.4964962,  0.6486588,NOT_AVAILABLE,      0,true, 24, 22,HD114642.fits.csv,OK,  1,   1.00,   0.03,   0.03,   2.46,   2.46,   3.29,   1.63
HD114837,6062166950467100032,  4.7883224,  5.0288625,  4.3750315,  0.6538310,NOT_AVAILABLE,      0,true, 67, 60,HD114837.fits.csv,OK,  1,   0.99,   0.05,   0.04,   9.07,   6.02,   7.30,   4.91
HD115363,5859173945562774272,  7.5490994,  7.9237461,  6.9669838,  0.9567623,VARIABLE,      0,true, 56, 55,HD115363.fits.csv,BS,  0,   1.00,   0.03,   0.03,   3.28,   3.58,   5.15,   1.67
HD115617,3507879565090229888,  4.5325284,  4.9046731,  4.0062351,  0.8984380,NOT_AVAILABLE,      0,true, 35, 32,HD115617.fits.csv,OK,  0,   1.02,   0.03,   0.03,   4.17,   4.16,   5.39,   2.97
HD115778,5869816805762242560,  6.1125746,  6.3128805,  5.7582054,  0.5546751,NOT_AVAILABLE,      0,true, 65, 63,HD115778.fits.csv,OK,  0,   1.01, -20.00, -20.00,   1.67,   1.67,   1.67,   1.67
HD115842,6063901120782965248,  5.9278755,  6.0807495,  5.6089549,  0.4717946,NOT_AVAILABLE,      0,true, 61, 53,HD115842.fits.csv,ELS,  0,   1.02,   0.03,   0.03,   3.51,   3.85,   5.34,   2.19
HD117440,6161403234933741312,  3.5339127,  4.1693273,  2.8551266,  1.3142006,NOT_AVAILABLE,      0,true, 26, 29,HD117440.fits.csv,SAT,  0,   1.01, -20.00, -20.00,   1.26,   1.26,   1.26,   1.26
HD118022,3712858597278688000,  4.8898096,  4.9094434,  4.8514953,  0.0579481,NOT_AVAILABLE,      0,true, 33, 32,HD118022.fits.csv,VAR,  0,   1.00,   0.05,   0.05,   5.66,   5.44,   4.82,   5.88
HD118767,6070423698625106560,  3.8364408,  6.0158401,  2.6985092,  3.3173308,VARIABLE,      0,true, 24, 24,HD118767.fits.csv,SAT,  0,   0.82,   0.25,   0.17,   7.94,   4.79,   3.97,   5.33
HD121416,6095384532415991296,  5.5070748,  6.0652013,  4.7981768,  1.2670245,NOT_AVAILABLE,      0,true, 41, 39,HD121416.fits.csv,OK,  0,   1.01,   0.04,   0.04,   7.14,   6.93,   9.57,   4.95
HD123515,6089748096519831296,  5.9576411,  5.9216266,  5.9828930, -0.0612664,VARIABLE,      0,true, 40, 38,HD123515.fits.csv,BIN,  0,   1.00,   0.04,   0.04,   3.77,   3.78,   3.82,   3.76
HD125809,6092862428844018176,  6.0403075,  6.6605215,  5.2833138,  1.3772078,NOT_AVAILABLE,      0,true, 24, 21,HD125809.fits.csv,OK,  1,   1.00,   0.04,   0.04,   4.59,   5.36,   7.47,   3.09
HD128167,1284257623084916480,  4.3419638,  4.5513854,  4.0113702,  0.5400152,NOT_AVAILABLE,      0,true, 64, 57,HD128167.fits.csv,OK,  0,   1.10,   0.06,   0.04,  15.42,   7.58,  10.69,   3.84
HD131217,5877902682962174208,  6.2459784,  7.7712975,  5.0404334,  2.7308640,NOT_AVAILABLE,      0,true, 66, 60,HD131217.fits.csv,S,  0,   1.01,   0.05,   0.06,  11.69,  11.87,  17.37,   4.58
HD133518,5900360581589586432,  6.3580828,  6.2922559,  6.4331307, -0.1408749,NOT_AVAILABLE,      0,true, 50, 44,HD133518.fits.csv,OK,  0,   1.75,   0.27,   1.18,  26.93,  54.75,  58.26,   4.46
HD134453,5799008222524417408,  4.2537460,  5.9227800,  3.0792165,  2.8435636,VARIABLE,      0,true, 46, 46,HD134453.fits.csv,C,  0,   0.91,   0.20,   0.14,   5.64,   4.68,   5.99,   3.89
HD136239,5876804064701201792,  7.4208641,  8.0077839,  6.6535449,  1.3542390,VARIABLE,      0,true, 56, 53,HD136239.fits.csv,BS,  0,   0.99,   0.03,   0.03,   4.03,   3.23,   4.43,   1.91
HD136351,5902781985395901056,  4.8567681,  5.1210260,  4.4529099,  0.6681161,NOT_AVAILABLE,      0,true, 39, 38,HD136351.fits.csv,OK,  1,   1.01,   0.03,   0.03,   4.79,   4.60,   5.11,   4.21
HD136537,5883156699265571968,  6.4313922,  7.0316868,  5.6907744,  1.3409123,NOT_AVAILABLE,      0,true, 33, 27,HD136537.fits.csv,OK,  0,   0.99,   0.03,   0.04,   4.50,   5.33,   7.57,   2.73
HD137509,5795787581164356480,  6.8426118,  6.7879305,  6.9223719, -0.1344414,VARIABLE,      0,true, 55, 51,HD137509.fits.csv,VAR,  0,   0.97,   0.04,   0.04,   3.33,   3.28,   2.98,   3.50
HD137753,5888915425810310144,  6.6742392,  6.6581516,  6.6531515,  0.0050001,NOT_AVAILABLE,      0,true, 38, 34,HD137753.fits.csv,OK,  0,   0.98,   0.03,   0.04,   3.57,   3.26,   3.43,   3.15
HD140901,6009538585839374336,  5.8338356,  6.1896429,  5.3106127,  0.8790302,NOT_AVAILABLE,      0,true, 38, 38,HD140901.fits.csv,OK,  0,   1.17,   0.08,   0.08,  16.43,  11.81,  15.99,   7.51
HD142758,5835544375510084352,  6.9899158,  7.0834484,  6.7522464,  0.3312020,VARIABLE,      0,true, 53, 52,HD142758.fits.csv,BS,  0,   1.02,   0.05,   0.05,   5.07,   4.61,   6.61,   2.19
HD143448,5832957602573458304,  7.2369814,  7.1965432,  7.2437758, -0.0472326,VARIABLE,      0,true, 38, 35,HD143448.fits.csv,Be,  0,   1.02,   0.09,   0.07,   5.44,   4.36,   5.94,   2.67
HD143928,5998513610949980544,  5.8069634,  6.0093627,  5.4543509,  0.5550117,NOT_AVAILABLE,      0,true, 42, 40,HD143928.fits.csv,OK,  0,   0.99,   0.03,   0.04,   4.46,   4.37,   4.51,   4.28
HD145482,6042226413691523712,  4.5251393,  4.4531813,  4.6639366, -0.2107553,NOT_AVAILABLE,      0,true, 37, 31,HD145482.fits.csv,BIN,  0,   1.08,   0.05,   0.04,   8.77,   4.79,   5.05,   4.61
HD145689,5821125860988362752,  5.9334507,  5.9911160,  5.8051219,  0.1859941,NOT_AVAILABLE,      0,true, 67, 62,HD145689.fits.csv,OK,  1,   0.99,   0.04,   0.04,   7.35,   6.96,   6.56,   7.27
HD145792,6049891517263095168,  6.4011512,  6.3983288,  6.3033586,  0.0949702,VARIABLE,      0,true, 40, 39,HD145792.fits.csv,VAR,  0,   0.95,   0.06,   0.06,   3.81,   4.00,   4.73,   2.57
HD145842,5989870075180588160,  5.1029558,  5.0524087,  5.1923647, -0.1399560,NOT_AVAILABLE,      0,true, 29, 23,HD145842.fits.csv,OK,  0,   0.37,   1.37,   0.13, 182.54,   6.18,   7.92,   4.52
HD146143,5935484313053503360,  4.7358780,  5.1611018,  4.1315513,  1.0295506,NOT_AVAILABLE,      0,true, 61, 57,HD146143.fits.csv,OK,  0,   1.06,   0.05,   0.03,  10.16,   6.77,   6.95,   6.67
HD146836,6037514800199297152,  5.4003477,  5.6383615,  5.0079441,  0.6304173,NOT_AVAILABLE,      0,true, 35, 34,HD146836.fits.csv,OK,  0,   1.02,   0.03,   0.03,   4.98,   4.86,   6.25,   3.98
HD148184,4323764712422936704,  4.1996417,  4.4038095,  3.7951148,  0.6086948,NOT_AVAILABLE,      0,true, 41, 41,HD148184.fits.csv,Be,  0,   1.41,   0.21,   0.16,  15.96,   9.67,  14.44,   2.57
HD148291,5830307779535002624,  4.8325324,  5.4454951,  4.0858884,  1.3596067,NOT_AVAILABLE,      0,true, 96, 87,HD148291.fits.csv,OK,  0,   1.04,   0.04,   0.04,  11.09,  10.73,  12.41,   7.64
HD148379,5942196311827421568,  5.1298251,  5.4739356,  4.6031785,  0.8707571,NOT_AVAILABLE,      0,true, 66, 62,HD148379.fits.csv,Be,  0,   1.00,   0.03,   0.03,   4.95,   4.96,   6.82,   2.88
HD148451,5765239059323778560,  6.3388429,  6.8042049,  5.6962538,  1.1079512,NOT_AVAILABLE,      0,true, 29, 27,HD148451.fits.csv,OK,  0,   1.03,   0.05,   0.03,   4.17,   2.78,   3.95,   1.47
HD148688,5968761685316464128,  5.1760998,  5.3654685,  4.7866483,  0.5788202,VARIABLE,      0,true, 27, 25,HD148688.fits.csv,BS,  0,   0.93,   0.05,   0.05,   7.24,   3.60,   2.77,   3.83
HD148898,6052319827355147264,  4.4256105,  4.4734449,  4.2946076,  0.1788373,NOT_AVAILABLE,      0,true, 41, 40,HD148898.fits.csv,VAR,  0,   0.94,   0.07,   0.06,  14.01,   7.41,   6.89,   7.80
HD148937,5941151986262863104,  6.6086712,  6.7874904,  6.2478814,  0.5396090,NOT_AVAILABLE,      0,true, 52, 47,HD148937.fits.csv,BIN,  0,   1.00,   0.03,   0.03,   3.93,   3.91,   5.45,   2.12
HD149661,4358031335898505472,  5.5535517,  5.9706206,  4.9560113,  1.0146093,NOT_AVAILABLE,      0,true, 59, 54,HD149661.fits.csv,VAR,  0,   1.01,   0.03,   0.03,   5.33,   5.27,   7.00,   4.05
HD151932,5968019618048049664,  6.2997370,  6.4975901,  5.8955894,  0.6020007,VARIABLE,      0,true, 40, 39,HD151932.fits.csv,WR,  0,   1.03,   0.08,   0.08,   9.83,   9.82,  11.17,   8.72
HD152003,5966519162610481664,  6.8486099,  7.0504432,  6.4608459,  0.5895972,VARIABLE,      0,true, 43, 40,HD152003.fits.csv,BS,  0,   0.98,   0.03,   0.03,   3.00,   2.66,   3.71,   1.45
HD152235,5966501501704611840,  6.1130810,  6.4169879,  5.6039543,  0.8130336,VARIABLE,      0,true, 37, 36,HD152235.fits.csv,BS,  0,   0.93,   0.07,   0.05,   7.69,   3.75,   5.28,   2.01
HD152270,5966509541883497984,  6.5590334,  6.6705632,  6.3039474,  0.3666158,NOT_AVAILABLE,      0,true, 37, 33,HD152270.fits.csv,WR,  0,   0.94,   0.26,   0.21,  17.88,  13.99,  14.48,  13.70
HD152311,4127420626087054976,  5.6906576,  6.0379553,  5.1752367,  0.8627186,NOT_AVAILABLE,      0,true, 38, 33,HD152311.fits.csv,BIN,  0,   0.97,   0.05,   0.06,   7.14,   7.32,  10.57,   3.44
HD152429,6034500386022688896,  7.0914221,  7.3530340,  6.6659007,  0.6871333,NOT_AVAILABLE,      0,true, 48, 44,HD152429.fits.csv,OK,  0,   0.98,   0.03,   0.03,   3.77,   3.66,   4.64,   2.76
HD152786,5917537534527580160,  2.5107856,  3.7142208,  2.1016068,  1.6126139,NOT_AVAILABLE,      0,true, 30, 30,HD152786.fits.csv,SAT,  0,   0.72,   0.41,   0.24,  13.38,   4.26,   4.27,   4.24
HD154365,4111834567779557376,  7.0693331,  7.5759540,  6.4083877,  1.1675663,VARIABLE,      0,true, 50, 50,HD154365.fits.csv,VAR,  0,   1.01,   0.06,   0.06,   0.89,   1.00,   1.31,   0.70
HD154811,5950908193476521856,  6.7860942,  6.9986105,  6.3893871,  0.6092234,VARIABLE,      0,true, 49, 47,HD154811.fits.csv,OK,  0,   0.94,   0.06,   0.06,   6.16,   5.97,   8.64,   2.58
HD154873,5950941488064653056,  6.8552413,  6.9843388,  6.5781589,  0.4061799,NOT_AVAILABLE,      0,true, 52, 48,HD154873.fits.csv,DMS,  0,   0.79,   0.19,   0.07,  34.65,   5.21,   7.41,   2.71
HD155416,5973552497981951360,  6.4402857,  6.6676769,  6.0103979,  0.6572790,NOT_AVAILABLE,      0,true, 57, 53,HD155416.fits.csv,OK,  0,   0.99,   0.03,   0.03,   3.90,   3.56,   3.83,   3.37
HD155806,5979008205986483712,  5.6680999,  5.6342106,  5.6738133, -0.0396028,VARIABLE,      0,true, 37, 34,HD155806.fits.csv,Be,  0,   0.92,   0.08,   0.03,   8.52,   3.49,   3.94,   3.14
HD156026,4109034455276324608,  5.8898630,  6.5309701,  5.1161342,  1.4148359,NOT_AVAILABLE,      0,true, 36, 30,HD156026.fits.csv,VAR,  0,   0.97,   0.05,   0.05,   7.25,   7.36,   9.70,   4.88
HD156098,5979460655025099776,  5.4043751,  5.6603212,  4.9942789,  0.6660423,NOT_AVAILABLE,      0,true, 22, 21,HD156098.fits.csv,OK,  0,   0.97,   0.05,   0.05,   4.49,   4.22,   4.78,   3.26
HD156274,5951165616611763456,  5.3014293,  5.7087970,  4.7346768,  0.9741201,NOT_AVAILABLE,      0,true, 23, 21,HD156274.fits.csv,OK,  0,   0.90,   0.08,   0.06,  10.37,   6.84,   8.64,   5.22
HD156385,5952743072247166464,  6.7683187,  6.8429828,  6.5876312,  0.2553515,NOT_AVAILABLE,      0,true, 31, 29,HD156385.fits.csv,WR,  0,   1.38,   0.39,   0.41,  16.24,  16.91,  18.15,  16.06
HD156575,5952663872981837440,  7.2748494,  7.3746691,  7.0382347,  0.3364344,NOT_AVAILABLE,      0,true, 35, 33,HD156575.fits.csv,OK,  0,   0.98,   0.04,   0.04,   3.28,   2.67,   3.46,   1.92
HD157038,5972810563833563648,  6.0311713,  6.4989691,  5.3604546,  1.1385145,VARIABLE,      0,true, 23, 23,HD157038.fits.csv,BS,  0,   0.88,   0.10,   0.08,   8.88,   7.57,  10.76,   3.72
HD160529,4053887521876855808,  5.9595490,  6.7675562,  5.1084104,  1.6591458,VARIABLE,      0,true, 23, 41,HD160529.fits.csv,ESG,  0,   0.74,   0.29,   0.05,  14.09,   3.32,   4.16,   0.85
HD160691,5945941905576552064,  4.9427519,  5.2933221,  4.4427133,  0.8506088,NOT_AVAILABLE,      0,true, 30, 28,HD160691.fits.csv,CRO,  0,   1.00,   0.03,   0.03,   4.47,   4.57,   5.63,   3.61
HD162144,4041462250189194752,  7.5950632,  7.5909905,  7.5642891,  0.0267015,NOT_AVAILABLE,      0,true, 38, 32,HD162144.fits.csv,CRO,  0,   1.00,   0.04,   0.04,   4.11,   4.09,   4.61,   3.68
HD162187,4041579137662906752,  9.4904423,  9.5909290,  9.2917128,  0.2992163,NOT_AVAILABLE,      0,true, 32, 30,HD162187.fits.csv,CRO,  0,   0.99,   0.08,   0.06,   8.39,   6.70,   8.67,   4.87
HD162305,4041561171865960448,  7.8004031,  7.7872305,  7.7834706,  0.0037599,NOT_AVAILABLE,      0,true, 29, 29,HD162305.fits.csv,CRO,  0,   1.00,   0.04,   0.04,   4.11,   3.99,   4.63,   3.45
HD162306,4040709497081178496,  8.8676977,  8.8535862,  8.8420410,  0.0115452,VARIABLE,      0,true, 39, 39,HD162306.fits.csv,DMS,  0,   0.89,   0.06,   0.07,  10.47,   5.76,   7.51,   4.04
HD162374,4040810720855068288,  5.8600879,  5.7941790,  5.9374914, -0.1433125,NOT_AVAILABLE,      0,true, 34, 28,HD162374.fits.csv,BSS,  0,   1.04,   0.04,   0.03,   4.82,   2.80,   3.08,   2.59
HD162391,4041599414270468480,  5.5286350,  6.0895171,  4.8124785,  1.2770386,NOT_AVAILABLE,      0,true, 25, 25,HD162391.fits.csv,BIN,  0,   0.99,   0.04,   0.04,   5.94,   6.00,   7.34,   4.83
HD162393,4040804085044179968,  8.0569029,  8.0685616,  7.9977913,  0.0707703,NOT_AVAILABLE,      0,true, 38, 37,HD162393.fits.csv,CRO,  0,   0.98,   0.04,   0.04,   4.45,   4.46,   5.17,   3.87
HD162514,4041570174122317440,  8.8167229,  8.9329243,  8.5874977,  0.3454266,NOT_AVAILABLE,      0,true, 37, 36,HD162514.fits.csv,CRO,  0,   0.79,   0.30,   0.44,  25.38,  34.28,  36.45,   5.68
HD162515,4040792716343899520,  6.5342617,  6.5317287,  6.4958177,  0.0359111,NOT_AVAILABLE,      0,true, 33, 26,HD162515.fits.csv,BIN,  0,   0.99,   0.04,   0.04,   3.94,   3.91,   4.02,   3.85
HD162576,4040842056948543232,  6.9425287,  6.9321365,  6.9155779,  0.0165586,NOT_AVAILABLE,      0,true, 33, 30,HD162576.fits.csv,VAR,  0,   1.00,   0.03,   0.04,   4.17,   4.16,   3.79,   4.45
HD162586,4040814740947685376,  6.5824842,  6.0977278,  6.1365933, -0.0388656,NOT_AVAILABLE,      0,true, 34, 32,HD162586.fits.csv,DMS,  0,   1.09,   0.07,   0.09,   5.84,   3.51,   4.91,   1.91
HD162587,4040799485267855232,  5.9781823,  5.8178205,  4.5742040,  1.2436166,NOT_AVAILABLE,      0,true, 31, 29,HD162587.fits.csv,DMS,  0,   1.14,   0.22,   0.19,   6.28,   5.94,   8.79,   2.35
HD162630,4040838380456117888,  7.5566473,  7.5514436,  7.5251465,  0.0262971,NOT_AVAILABLE,      0,true, 38, 38,HD162630.fits.csv,BIN,  0,   1.00,   0.05,   0.05,   4.77,   4.92,   5.12,   4.80
HD162631,4040801031403875456,  7.3643036,  7.3795838,  7.2921929,  0.0873909,NOT_AVAILABLE,      0,true, 35, 34,HD162631.fits.csv,CRO,  0,   0.97,   0.04,   0.05,   4.49,   4.23,   4.46,   4.08
HD162678,4040825358109531520,  6.3315701,  6.3445039,  6.2623053,  0.0821986,NOT_AVAILABLE,      0,true, 27, 27,HD162678.fits.csv,CRO,  0,   1.01,   0.02,   0.02,   4.61,   4.54,   4.45,   4.61
HD162679,4040801890398044928,  7.1413913,  7.1382766,  7.1024675,  0.0358090,NOT_AVAILABLE,      0,true, 35, 35,HD162679.fits.csv,BIN,  0,   0.84,   0.30,   0.08,  24.81,   4.61,   4.67,   4.42
HD162680,4040800722166107136,  7.7483907,  7.7657948,  7.6808934,  0.0849013,NOT_AVAILABLE,      0,true, 40, 37,HD162680.fits.csv,CRO,  0,   1.00,   0.04,   0.04,   6.77,   6.19,   6.16,   6.78
HD162719,4063703377509158656,  6.8756309,  6.9295325,  6.6985373,  0.2309952,VARIABLE,      0,true, 46, 39,HD162719.fits.csv,OK,  0,   1.00,   0.05,   0.05,   8.89,   8.83,  12.80,   3.89
HD162724,4040825529908227072,  6.0615025,  5.9562697,  5.9012318,  0.0550380,NOT_AVAILABLE,      0,true, 21, 19,HD162724.fits.csv,BIN,  0,   1.06,   0.07,   0.05,   3.52,   1.88,   2.13,   1.68
HD162725,4040824258597614976,  6.3840456,  6.3929992,  6.3326392,  0.0603600,VARIABLE,      0,true, 29, 29,HD162725.fits.csv,VAR,  0,   0.94,   0.05,   0.05,   4.41,   3.26,   3.12,   3.38
HD162780,4040826526340512128,  6.8611388,  6.8748250,  6.7901869,  0.0846381,NOT_AVAILABLE,      0,true, 33, 25,HD162780.fits.csv,BIN,  0,   0.98,   0.04,   0.04,   4.36,   4.01,   3.38,   4.45
HD162781,4040821200580732800,  7.4808578,  7.5015264,  7.3449545,  0.1565719,VARIABLE,      0,true, 39, 38,HD162781.fits.csv,CRO,  0,   1.02,   0.13, -20.00,   4.77,   4.77,   4.77,   4.77
HD162817,4040847760668408832,  6.0771818,  6.1079078,  5.9707084,  0.1371994,NOT_AVAILABLE,      0,true, 28, 21,HD162817.fits.csv,CRO,  0,   1.01,   0.04,   0.04,   4.62,   4.73,   4.61,   4.85
HD162888,4040834635242511616,  6.9191723,  6.9487848,  6.8130293,  0.1357555,NOT_AVAILABLE,      0,true, 34, 35,HD162888.fits.csv,Be,  0,   1.02,   0.04,   0.04,   4.61,   4.41,   4.79,   4.14
HD162889,4040822811103190272,  8.3650303,  8.3970728,  8.2684307,  0.1286421,NOT_AVAILABLE,      0,true, 35, 33,HD162889.fits.csv,CRO,  0,   0.98,   0.04,   0.04,   5.81,   5.40,   5.23,   5.54
HD163318,4063417332766504576,  5.7303596,  5.8238635,  5.5427098,  0.2811537,NOT_AVAILABLE,      0,true, 40, 36,HD163318.fits.csv,CRO,  0,   0.98,   0.04,   0.05,   5.68,   5.73,   6.71,   4.91
HD163652,4037358426191922688,  5.4902577,  5.9617524,  4.8515549,  1.1101975,NOT_AVAILABLE,      0,true, 27, 25,HD163652.fits.csv,CRO,  0,   0.98,   0.03,   0.03,   4.82,   5.24,   6.99,   3.51
HD163745,4035245096041719424,  6.4809737,  6.4333076,  6.5193338, -0.0860262,NOT_AVAILABLE,      0,true, 30, 26,HD163745.fits.csv,OK,  0,   1.02,   0.04,   0.03,   3.45,   2.79,   2.68,   2.88
HD163758,4037463292131089536,  7.2677631,  7.2692637,  7.1886082,  0.0806556,NOT_AVAILABLE,      0,true, 33, 33,HD163758.fits.csv,BS,  0,   1.05,   0.03,   0.04,   4.16,   3.80,   5.65,   1.44
HD163800,4069523951550440832,  6.8938456,  7.0359015,  6.5947318,  0.4411697,NOT_AVAILABLE,      0,true, 21, 21,HD163800.fits.csv,OK,  0,   0.98,   0.04,   0.04,   2.52,   2.55,   3.40,   1.66
HD164259,4177224620176470912,  4.5056276,  4.7140322,  4.1682100,  0.5458221,NOT_AVAILABLE,      0,true, 27, 23,HD164259.fits.csv,OK,  0,   1.08,   0.06,   0.03,   8.52,   4.30,   5.92,   2.59
HD164794,4066022591147527552,  5.8857489,  5.8955927,  5.7921786,  0.1034141,NOT_AVAILABLE,      0,true, 18, 18,HD164794.fits.csv,ELS,  0,   0.98,   0.04,   0.04,   2.29,   2.27,   1.79,   2.58
HD170235,4076939607797219968,  6.5214143,  6.5483580,  6.4096131,  0.1387448,NOT_AVAILABLE,      0,true, 23, 23,HD170235.fits.csv,Be,  0,   1.09,   0.08,   0.04,   3.07,   1.23,   1.69,   0.73
HD171012,4093346863913375232,  6.6607327,  6.9030566,  6.2261295,  0.6769271,VARIABLE,      0,true, 21, 19,HD171012.fits.csv,BS,  0,   1.10,   0.09,   0.03,   9.12,   2.28,   4.37,   1.60
HD189124,6444391655040244992,  3.1375270,  5.3753304,  2.2563672,  3.1189632,VARIABLE,      0,true, 22, 22,HD189124.fits.csv,VAR,  0,   0.65,   0.62,   0.29,  18.55,   9.14,  10.50,   8.08
HD190248,6427464123776727168,  3.3641381,  3.8463583,  2.8270798,  1.0192785,NOT_AVAILABLE,      0,true, 71, 70,HD190248.fits.csv,SAT,  0,   1.04,   0.06,   0.05,   7.06,   5.32,   6.92,   3.80
HD191301,6850594406170094080,  7.3370132,  7.5650959,  6.9398713,  0.6252246,VARIABLE,      0,true, 34, 31,HD191301.fits.csv,VAR,  0,   0.97,   0.04,   0.04,   2.84,   2.70,   3.30,   2.17
HD196171,6674382927491854848,  2.8521497,  3.6026647,  2.3804884,  1.2221763,NOT_AVAILABLE,      0,true, 32, 31,HD196171.fits.csv,SAT,  0,   0.91,   0.14,   0.10,   6.99,   3.15,   3.15,   3.15
HD198357,6777965134807570560,  5.0564790,  5.7767982,  4.2361131,  1.5406852,NOT_AVAILABLE,      0,true, 38, 35,HD198357.fits.csv,OK,  1,   0.99,   0.03,   0.04,   6.14,   5.89,   7.32,   4.58
HD199642,6476205852190128512,  5.5940537,  6.5335398,  4.6314750,  1.9020648,NOT_AVAILABLE,      0,true, 41, 35,HD199642.fits.csv,OK,  0,   1.01,   0.04,   0.04,   8.90,   8.78,  11.97,   5.43
HD199728,6881531326185815808,  6.2478423,  6.1898513,  6.3185363, -0.1286850,VARIABLE,      0,true, 31, 31,HD199728.fits.csv,VAR,  0,   1.00,   0.03,   0.03,   2.85,   2.89,   2.40,   3.22
HD199951,6781898465857257472,  4.4319229,  4.8837662,  3.8159671,  1.0677991,NOT_AVAILABLE,      0,true, 43, 37,HD199951.fits.csv,OK,  0,   1.01,   0.03,   0.02,   4.72,   4.40,   4.76,   4.14
HD202320,6832163911228998784,  4.8392615,  5.4158592,  4.1293511,  1.2865081,NOT_AVAILABLE,      0,true, 40, 35,HD202320.fits.csv,OK,  0,   1.02,   0.03,   0.03,   6.49,   5.56,   7.03,   4.23
HD203608,6401464693867773568,  4.0891333,  4.3496490,  3.6440711,  0.7055779,NOT_AVAILABLE,      0,true, 55, 50,HD203608.fits.csv,OK,  0,   1.03,   0.03,   0.03,   5.44,   3.60,   4.27,   3.06
HD203875,6894198082390222464,  5.6779661,  5.7716413,  5.4931049,  0.2785363,NOT_AVAILABLE,      0,true, 28, 24,HD203875.fits.csv,OK,  0,   1.01,   0.04,   0.04,   4.56,   4.20,   3.76,   4.53
HD204075,6828125061423674752,  3.5300386,  4.0549998,  2.9158626,  1.1391373,NOT_AVAILABLE,      0,true, 36, 36,HD204075.fits.csv,SAT,  0,   1.04,   0.05,   0.04,   4.89,   4.04,   3.76,   4.26
HD209100,6412595290592307840,  4.3229041,  4.9079766,  3.6105571,  1.2974195,NOT_AVAILABLE,      0,true, 42, 45,HD209100.fits.csv,OK,  0,   1.02,   0.04,   0.03,   7.90,   6.19,   8.67,   4.26
HD210066,6611527455503953536,  4.4401288,  5.2411957,  3.5765655,  1.6646302,NOT_AVAILABLE,      0,true, 44, 43,HD210066.fits.csv,VAR,  0,   0.95,   0.06,   0.05,  13.44,  12.07,  15.27,   9.11
HD210111,6611824083124944384,  6.3262048,  6.4299159,  6.1063890,  0.3235269,NOT_AVAILABLE,      0,true, 43, 39,HD210111.fits.csv,OK,  1,   1.01,   0.03,   0.03,   4.02,   3.98,   4.58,   3.51
HD210848,6625981669722090112,  5.4577870,  5.7173600,  5.0473728,  0.6699872,NOT_AVAILABLE,      0,true, 21, 19,HD210848.fits.csv,OK,  1,   1.01,   0.03,   0.03,   3.17,   2.98,   3.01,   2.96
HD211415,6508776375901968640,  5.2305317,  5.5417171,  4.7359624,  0.8057547,NOT_AVAILABLE,      0,true, 45, 43,HD211415.fits.csv,OK?,  0,   0.99,   0.03,   0.03,   4.58,   4.08,   5.51,   2.61
HD211998,6382933589314905472,  5.0583344,  5.4352627,  4.5068302,  0.9284325,NOT_AVAILABLE,      0,true, 43, 37,HD211998.fits.csv,DMS,  0,   1.00,   0.02,   0.02,   3.73,   2.97,   3.55,   2.50
HD213080,6520955322608285824,  2.9805827,  4.4669456,  2.2610514,  2.2058942,NOT_AVAILABLE,      0,true, 46, 46,HD213080.fits.csv,SAT,  0,   0.77,   0.34,   0.23,  23.18,  14.52,  18.91,  10.12
HD216435,6515731817739456256,  5.8873706,  6.1899242,  5.4184041,  0.7715201,NOT_AVAILABLE,      0,true, 37, 35,HD216435.fits.csv,OK,  0,   0.97,   0.03,   0.04,   4.55,   4.31,   5.13,   3.63
HD219571,6492406743706907776,  3.8917949,  4.1096663,  3.5140402,  0.5956261,NOT_AVAILABLE,      0,true, 51, 55,HD219571.fits.csv,OK,  0,   1.05,   0.04,   0.04,   6.70,   3.66,   4.39,   3.04
HD320764,4040808968507325312,  8.9001417,  8.9651680,  8.7519674,  0.2132006,NOT_AVAILABLE,      0,true, 34, 34,HD320764.fits.csv,DMS,  0,   1.02,   0.08,   0.05,   9.04,   5.92,   7.27,   4.70
HD320768,4040804158143154560,  9.1518030,  9.2919703,  8.8855801,  0.4063902,NOT_AVAILABLE,      0,true, 38, 35,HD320768.fits.csv,OK,  0,   0.98,   0.03,   0.04,   5.02,   5.10,   5.96,   4.42
HD320847,4040844840088710656, 10.1042614, 10.3756285,  9.6669407,  0.7086878,NOT_AVAILABLE,      0,true, 34, 29,HD320847.fits.csv,BIN,  0,   0.95,   0.04,   0.04,   7.75,   5.86,   7.84,   3.91
HD320865,4040800893964862080,  9.6399641,  9.7713842,  9.1556282,  0.6157560,NOT_AVAILABLE,      0,true, 22, 19,HD320865.fits.csv,DMS,  0,   0.88,   0.09,   0.05,   3.84,   2.05,   2.46,   1.71
HD320868,4040820341586756224,  8.4072208,  9.2125769,  7.5301356,  1.6824412,NOT_AVAILABLE,      0,true, 33, 26,HD320868.fits.csv,OK,  0,   0.97,   0.04,   0.04,   5.66,   4.95,   5.44,   4.56
IC2391_1,5317972984874048000,  7.0394201,  6.9760404,  7.1255031, -0.1494627,NOT_AVAILABLE,      0,true, 38, 35,IC2391-0001.fits.csv,OK,  0,   0.99,   0.05,   0.05,   3.02,   3.02,   2.67,   3.26
IC2391_2,5321180844402213504,  8.3764906,  8.3486204,  8.3063707,  0.0422497,NOT_AVAILABLE,      0,true, 39, 39,IC2391-0002.fits.csv,OK,  0,   0.97,   0.05,   0.05,   2.63,   2.50,   3.53,   1.37
IC2391_4,5321196301989898624,  9.3652124,  9.0124140,  8.4182968,  0.5941172,NOT_AVAILABLE,      0,true, 36, 34,IC2391-0004.fits.csv,BIN,  0,   0.88,   0.10,   0.08,   1.91,   1.53,   1.15,   1.76
IC2391_5,5318049534067120512,  8.6721487,  8.8521318,  8.3454285,  0.5067034,NOT_AVAILABLE,      0,true, 36, 39,IC2391-0005.fits.csv,OK,  0,   0.97,   0.03,   0.03,   3.79,   4.19,   5.55,   2.85
IC2391_8,5318169866178702976,  6.4320326,  6.3810987,  6.4942188, -0.1131201,NOT_AVAILABLE,      0,true, 28, 29,IC2391-0008.fits.csv,OK,  1,   1.01,   0.04,   0.04,   2.54,   2.59,   3.22,   2.03
IC2391_10,5318565651704167680,  8.8152981,  9.0089321,  8.4622059,  0.5467262,VARIABLE,      0,true, 48, 49,IC2391-0010.fits.csv,OK,  0,   0.96,   0.03,   0.04,   4.16,   4.24,   5.96,   2.35
IC2391_11,5321582715910437376,  8.4406900,  8.5334673,  8.2503500,  0.2831173,NOT_AVAILABLE,      2,true, 42, 42,IC2391-0011.fits.csv,BIN,  0,   1.01,   0.04,   0.04,   4.22,   4.21,   4.11,   4.31
IC2391_13,5318113550566048256,  5.4277649,  5.3475761,  5.5437975, -0.1962214,NOT_AVAILABLE,      0,true, 27, 25,IC2391-0013.fits.csv,VAR,  0,   1.07,   0.05,   0.04,   6.28,   2.90,   2.58,   3.12
IC2391_16,5318541982145960064,  5.1587687,  5.0862126,  5.2492933, -0.1630807,NOT_AVAILABLE,      0,true, 22, 19,IC2391-0016.fits.csv,BIN,  0,   0.99,   0.03,   0.03,   2.56,   2.52,   2.63,   2.45
IC2391_17,5321626009181506688,  7.4335275,  7.3788028,  7.5033107, -0.1245079,VARIABLE,      0,true, 42, 40,IC2391-0017.fits.csv,VAR,  0,   0.98,   0.04,   0.04,   2.55,   2.55,   2.43,   2.65
IC2391_18,5318117330136955392,  7.2142963,  7.1899629,  7.2028713, -0.0129085,VARIABLE,      0,true, 34, 30,IC2391-0018.fits.csv,VAR,  0,   1.04,   0.05,   0.05,   3.71,   2.86,   3.91,   1.77
IC2391_19,5318083382715884928,  7.2915058,  7.4154334,  7.0476980,  0.3677354,NOT_AVAILABLE,      0,true, 42, 37,IC2391-0019.fits.csv,OK,  1,   0.99,   0.03,   0.03,   3.20,   3.19,   3.88,   2.62
IC2391_20,5318547273548061824,  3.5350146,  3.5431633,  3.6934586, -0.1502953,NOT_AVAILABLE,      0,true, 26, 26,IC2391-0020.fits.csv,SAT,  0,   1.06,   0.06,   0.09,   5.32,   3.18,   3.64,   2.82
IC2391_21,5318543425255007872,  5.5331173,  5.4675317,  5.6290007, -0.1614690,NOT_AVAILABLE,      0,true, 29, 27,IC2391-0021.fits.csv,VAR,  0,   1.05,   0.05,   0.05,   5.55,   3.09,   3.14,   3.06
IC2391_22,5318111351542618496,  8.3427563,  8.9014196,  7.6287374,  1.2726822,NOT_AVAILABLE,      0,true, 42, 39,IC2391-0022.fits.csv,OK,  0,   0.95,   0.05,   0.04,   6.33,   6.03,   8.84,   2.54
IC2391_23,5318554111133634432,  7.2669258,  7.2537723,  7.2621756, -0.0084033,NOT_AVAILABLE,      0,true, 34, 29,IC2391-0023.fits.csv,OK,  1,   1.00,   0.04,   0.04,   3.13,   3.17,   3.56,   2.88
IC2391_26,5318501368933313280,  8.8954325,  9.4385872,  8.1951542,  1.2434330,NOT_AVAILABLE,      0,true, 39, 38,IC2391-0026.fits.csv,OK,  0,   0.89,   0.16,   0.04,  21.19,   4.84,   6.05,   3.75
IC2391_28,5318575448532526848,  7.8549891,  7.9956589,  7.1455636,  0.8500953,NOT_AVAILABLE,      0,true, 26, 22,IC2391-0028.fits.csv,DMS,  0,   0.94,   0.07, -20.00,   0.75,   0.51,   0.51,   0.51
IC2391_29,5318499822745556992,  7.3699145,  7.3627877,  7.3564000,  0.0063877,NOT_AVAILABLE,      0,true, 29, 31,IC2391-0029.fits.csv,OK,  1,   1.00,   0.04,   0.04,   3.64,   3.70,   4.45,   3.07
IC2391_31,5318485048061677952,  5.5821362,  5.3987045,  5.5795946, -0.1808901,VARIABLE,      0,true, 29, 28,IC2391-0031.fits.csv,VAR,  0,   1.02,   0.04,   0.07,   2.92,   1.54,   1.76,   1.37
IC2391_33,5317874475508122752,  8.6355247,  8.7260542,  8.4513655,  0.2746887,NOT_AVAILABLE,      0,true, 45, 43,IC2391-0033.fits.csv,OK,  0,   1.13,   0.07,   0.10,  13.23,  12.40,  15.95,   6.01
IC2391_34,5318486456810851072,  4.8141437,  4.7214098,  4.9451962, -0.2237864,VARIABLE,      0,true, 26, 21,IC2391-0034.fits.csv,BIN,  0,   1.05,   0.05,   0.04,   5.81,   2.51,   2.05,   2.80
IC2391_35,5317887321743547264,  9.2677279,  9.4766741,  8.9089565,  0.5677176,NOT_AVAILABLE,      0,true, 37, 38,IC2391-0035.fits.csv,OK,  0,   0.96,   0.04,   0.04,   5.80,   4.56,   5.26,   3.99
IC2391_36,5318579606060497408,  9.4774227,  9.7212591,  9.0722303,  0.6490288,NOT_AVAILABLE,      0,true, 39, 40,IC2391-0036.fits.csv,OK,  0,   0.98,   0.04,   0.04,   5.37,   5.71,   7.30,   4.25
IC2391_40,5318285173154004352,  7.7826505,  7.7947674,  7.5413680,  0.2533994,VARIABLE,      0,true, 35, 33,IC2391-0040.fits.csv,DMS,  0,   0.94,   0.06,   0.05,   2.29,   2.07,   2.76,   1.38
IC2391_41,5318318918726520576,  7.5340028,  7.5633998,  7.4478769,  0.1155229,NOT_AVAILABLE,      0,true, 37, 36,IC2391-0041.fits.csv,OK,  1,   1.00,   0.04,   0.04,   3.43,   3.45,   3.97,   3.04
IC2391_42,5318270608933694208,  8.9640856,  9.0195265,  8.8352499,  0.1842766,NOT_AVAILABLE,      0,true, 47, 49,IC2391-0042.fits.csv,OK,  0,   0.98,   0.04,   0.04,   6.43,   5.78,   4.82,   6.40
IC2391_43,5318215495911387136,  9.4399405,  9.5808887,  9.1770325,  0.4038563,VARIABLE,      0,true, 47, 46,IC2391-0043.fits.csv,BIN,  0,   0.95,   0.04,   0.05,   4.62,   4.24,   4.88,   3.73
IC2391_44,5318630973868090496,  9.1990490,  9.3926382,  8.8635998,  0.5290384,NOT_AVAILABLE,      0,true, 45, 44,IC2391-0044.fits.csv,OK,  1,   0.99,   0.03,   0.03,   4.70,   4.89,   5.60,   4.31
IC2391_45,5318327165064125696,  9.3713770,  9.3768444,  9.3219919,  0.0548525,NOT_AVAILABLE,      0,true, 36, 33,IC2391-0045.fits.csv,OK,  1,   1.00,   0.04,   0.04,   4.44,   4.44,   4.15,   4.66
IC2391_46,5318323935248518144,  7.6190929,  7.5753021,  7.6603651, -0.0850630,NOT_AVAILABLE,      0,true, 42, 41,IC2391-0046.fits.csv,OK,  1,   0.99,   0.04,   0.04,   3.04,   3.04,   3.04,   3.06
IC2391_47,5318309534208474112,  9.2044840,  9.2181339,  9.1525831,  0.0655508,NOT_AVAILABLE,      0,true, 37, 37,IC2391-0047.fits.csv,DMS,  0,   1.95,   0.31,   0.79,  45.72,  57.70,  86.65,  18.56
IC2391_49,5318418939925144448,  7.6731191,  7.7507081,  7.5044284,  0.2462797,VARIABLE,      0,true, 43, 44,IC2391-0049.fits.csv,VAR,  0,   0.98,   0.04,   0.04,   3.89,   3.49,   3.70,   3.35
IC2391_50,5318412686452956800,  6.2689447,  6.2171149,  6.3343482, -0.1172333,NOT_AVAILABLE,      0,true, 37, 36,IC2391-0050.fits.csv,OK,  0,   0.99,   0.04,   0.04,   3.36,   2.92,   3.70,   2.18
IC2391_52,5318182197020586112,  9.5265074,  9.7480583,  9.1435757,  0.6044827,NOT_AVAILABLE,      0,true, 33, 35,IC2391-0052.fits.csv,BIN,  0,   0.90,   0.06,   0.06,  10.52,   6.82,   7.47,   6.32
NGC6475_8,4041572819821784192, 10.4890060, 10.7273369, 10.0926847,  0.6346521,NOT_AVAILABLE,      0,true, 40, 37,NGC6475-JJ08.fits.csv,CRO,  0,   2.18,   0.90,   0.34, 112.16,  35.22,  37.48,   3.67
NGC6475_10,4041565840444161536, 11.3318663, 11.5146723, 10.9867811,  0.5278912,NOT_AVAILABLE,      2,true, 42, 42,NGC6475-JJ10.fits.csv,BIN,  0,   1.98,   0.71,   0.29,  76.10,  26.24,  34.79,   8.98
NGC6475_22,4041561339318438912,  9.1524754,  9.9455404,  8.2867651,  1.6587753,NOT_AVAILABLE,      0,true, 39, 36,NGC6475-JJ22.fits.csv,CRO,  0,   9.90,   0.82,   0.67, 172.86, 102.86, 151.96,  41.54
