wave,flux,fluxerr
170.09662,-4.25110e-16,1.16580e-16
170.25109,-1.26660e-16,1.02400e-16
170.40555,-1.12670e-16,1.00950e-16
170.56002,-1.82630e-16,9.56230e-17
170.71449,-2.69580e-16,9.03460e-17
170.86896,6.74340e-18,1.02820e-16
171.02343,-1.36650e-16,9.48020e-17
171.17791,-1.65090e-16,9.19720e-17
171.33237,-8.06160e-17,9.55610e-17
171.48685,-1.37000e-16,9.21030e-17
171.64132,-1.53350e-16,9.00110e-17
171.79580,-1.45120e-16,8.84860e-17
171.95028,-3.17590e-17,9.36260e-17
172.10476,-1.51090e-16,8.58570e-17
172.25923,-1.29700e-16,8.63830e-17
172.41371,-1.32270e-16,8.61610e-17
172.56819,-1.53030e-16,8.40160e-17
172.72268,-3.15250e-17,8.92200e-17
172.87716,-9.75390e-18,8.92970e-17
173.03164,-7.63360e-17,8.47000e-17
173.18612,-8.97770e-17,8.29690e-17
173.34061,-4.61060e-17,8.35560e-17
173.49509,-8.19980e-17,8.10210e-17
173.64959,-1.23840e-16,7.83750e-17
173.80408,-1.34240e-16,7.59260e-17
173.95856,-1.35850e-16,7.64940e-17
174.11305,-1.12440e-16,7.57360e-17
174.26754,-2.22010e-18,8.12990e-17
174.42203,-1.07480e-16,7.48380e-17
174.57653,-8.34490e-17,7.54130e-17
174.73102,-1.51720e-16,7.15930e-17
174.88551,-2.21400e-16,6.75690e-17
175.04000,-1.56330e-16,7.06490e-17
175.19451,-1.37000e-16,6.97380e-17
175.34900,-1.61630e-16,6.83450e-17
175.50350,-2.35610e-16,6.42500e-17
175.65800,-8.02170e-17,7.16890e-17
175.81250,-3.58200e-17,7.19960e-17
175.96700,-1.26240e-16,6.71970e-17
176.12150,-2.22430e-16,6.16310e-17
176.27600,-1.39850e-16,6.57400e-17
176.43051,-7.15120e-17,6.79330e-17
176.58501,-5.33580e-17,6.79640e-17
176.73951,-5.41230e-17,6.72320e-17
176.89402,-5.56550e-17,6.66200e-17
177.04854,-1.11800e-16,6.39620e-17
177.20304,-1.07750e-16,6.12620e-17
177.35754,-8.67770e-17,6.36590e-17
177.51206,-5.05700e-17,6.54830e-17
177.66656,-1.11030e-16,6.15750e-17
177.82108,-1.10660e-16,6.05180e-17
177.97560,-1.68800e-16,5.63500e-17
178.13011,-5.61330e-17,6.20410e-17
178.28462,-9.48880e-17,6.00810e-17
178.43914,-1.14660e-16,5.92750e-17
178.59365,-6.55820e-17,6.06070e-17
178.74817,-1.06310e-16,5.82110e-17
178.90270,-1.39810e-16,5.60240e-17
179.05721,-4.99520e-17,6.02530e-17
179.21173,-6.56450e-17,5.92360e-17
179.36625,-7.47240e-17,5.81660e-17
179.52078,-1.49220e-16,5.27640e-17
179.67529,-1.78370e-16,5.00710e-17
179.82982,-1.32490e-16,5.26670e-17
179.98435,-1.36350e-16,5.28020e-17
180.13887,-1.32640e-16,5.19440e-17
180.29340,-5.85070e-17,5.50340e-17
180.44792,-5.74290e-17,5.51240e-17
180.60245,-6.18460e-17,5.42110e-17
180.75698,-5.61600e-17,5.50690e-17
180.91151,-1.37840e-16,5.00640e-17
181.06605,-8.38720e-17,5.20910e-17
181.22058,-6.20010e-17,5.31310e-17
181.37511,-5.42920e-17,5.22880e-17
181.52965,-4.84730e-17,5.30340e-17
181.68418,-6.26600e-17,5.10610e-17
181.83872,-7.34930e-17,5.08950e-17
181.99325,-4.61180e-17,5.22800e-17
182.14779,-6.16130e-17,5.08650e-17
182.30233,-8.18040e-17,4.86820e-17
182.45687,-1.23750e-16,4.57630e-17
182.61141,-1.05640e-16,4.72630e-17
182.76595,-6.38980e-17,4.90150e-17
182.92050,-6.17860e-17,4.88430e-17
183.07504,-1.27450e-16,4.41380e-17
183.22959,-1.09960e-16,4.57800e-17
183.38413,-9.98540e-17,4.57860e-17
183.53867,-1.03920e-16,4.55170e-17
183.69323,-9.74260e-17,4.53800e-17
183.84777,-9.08010e-17,4.55070e-17
184.00232,-5.64040e-17,4.51930e-17
184.15687,-8.72490e-17,4.43570e-17
184.31143,-9.59750e-17,4.39250e-17
184.46597,-9.79010e-17,4.38860e-17
184.62052,-1.67220e-16,3.90710e-17
184.77507,-9.11610e-17,4.38160e-17
184.92963,-9.10200e-17,4.35500e-17
185.08419,-1.04100e-16,4.25050e-17
185.23875,-2.73260e-17,4.57510e-17
185.39330,-1.83330e-17,4.59100e-17
185.54786,-1.27120e-16,3.96920e-17
185.70242,-4.98390e-17,4.33610e-17
185.85698,-3.30390e-17,4.46920e-17
186.01154,-1.02380e-16,4.09850e-17
186.16610,-1.19640e-16,3.98760e-17
186.32067,-9.31610e-17,4.09840e-17
186.47523,-9.87910e-17,4.04990e-17
186.62980,-5.53280e-17,4.23290e-17
186.78436,-6.53460e-18,4.44130e-17
186.93893,-8.68500e-17,4.01380e-17
187.09349,-8.93670e-17,3.97950e-17
187.24806,-8.43310e-17,3.97240e-17
187.40262,-8.05890e-17,3.97930e-17
187.55720,-5.55680e-17,4.12400e-17
187.71177,-5.21460e-18,4.31860e-17
187.86635,-3.04150e-17,4.17520e-17
188.02091,-9.86100e-17,3.76510e-17
188.17549,-6.48350e-17,3.93940e-17
188.33007,-4.51300e-17,3.97080e-17
188.48464,-9.86300e-17,3.74920e-17
188.63922,-9.25800e-17,3.74810e-17
188.79380,-8.75960e-17,3.70080e-17
188.94838,-5.57220e-17,3.88740e-17
189.10295,-2.44260e-17,4.02450e-17
189.25753,-4.93080e-17,3.85670e-17
189.41211,-7.20780e-17,3.72190e-17
189.56670,-8.85470e-17,3.64790e-17
189.72128,-5.90900e-17,3.78760e-17
189.87587,-6.03630e-17,3.78130e-17
190.03044,-7.51850e-17,3.67650e-17
190.18503,-9.12380e-17,3.52880e-17
190.33962,-1.18790e-16,3.37480e-17
190.49421,-9.11800e-17,3.49610e-17
190.64880,-9.50350e-17,3.46080e-17
190.80339,-4.34600e-17,3.72880e-17
190.95798,-8.63510e-17,3.45030e-17
191.11257,-6.60330e-17,3.50960e-17
191.26716,-3.85400e-17,3.66990e-17
191.42175,-9.15290e-17,3.35250e-17
191.57635,-7.56580e-17,3.44080e-17
191.73094,-9.42570e-17,3.11420e-17
191.88555,-5.65790e-17,3.53520e-17
192.04014,-5.93410e-17,3.49080e-17
192.19474,-9.81470e-17,3.23090e-17
192.34934,-8.02630e-17,3.32670e-17
192.50393,-7.65010e-17,3.33190e-17
192.65853,-6.54400e-17,3.38270e-17
192.81313,-6.82000e-17,3.31620e-17
192.96774,-6.57100e-17,3.34630e-17
193.12234,-7.68900e-17,3.20870e-17
193.27695,-1.00260e-16,3.07030e-17
193.43156,-8.85280e-17,3.20590e-17
193.58616,-1.24030e-16,2.94000e-17
193.74077,-1.15910e-16,2.97110e-17
193.89537,-7.08090e-17,3.20660e-17
194.04999,-4.47500e-17,3.29580e-17
194.20459,-2.37020e-17,3.43110e-17
194.35920,-6.93070e-17,3.16320e-17
194.51382,-6.40380e-17,3.17290e-17
194.66843,-9.88340e-17,2.97050e-17
194.82305,-7.88440e-17,3.05110e-17
194.97766,-2.47760e-17,3.34210e-17
195.13228,-3.26240e-17,3.27210e-17
195.28689,-4.85080e-17,3.17600e-17
195.44150,-1.02660e-16,2.87880e-17
195.59613,-6.27070e-17,3.09580e-17
195.75074,-7.11980e-17,3.02980e-17
195.90537,-6.99270e-17,3.01180e-17
196.05999,-6.58130e-17,3.06340e-17
196.21461,-4.26530e-17,3.10330e-17
196.36924,-7.71680e-17,2.94450e-17
196.52385,-5.61670e-17,3.04010e-17
196.67848,-1.01500e-16,2.79050e-17
196.83311,-8.95450e-17,2.80270e-17
196.98773,-1.82980e-17,3.17440e-17
197.14236,-5.44510e-17,2.98190e-17
197.29698,-3.07500e-17,3.08640e-17
197.45162,-8.66960e-17,2.73430e-17
197.60625,-7.87870e-17,2.80050e-17
197.76088,-7.12650e-17,2.87070e-17
197.91552,-6.51720e-17,2.85660e-17
198.07014,-8.48920e-17,2.71930e-17
198.22478,-7.28210e-17,2.78210e-17
198.37942,-3.93060e-17,2.82900e-17
198.53406,-3.77510e-17,2.95290e-17
198.68868,-6.32180e-17,2.78420e-17
198.84332,-8.87860e-17,2.59760e-17
198.99796,-9.46650e-17,2.58790e-17
199.15260,-5.24750e-17,2.82930e-17
199.30725,-6.58770e-17,2.72540e-17
199.46189,-4.39950e-17,2.82080e-17
199.61653,-4.75270e-17,2.79370e-17
199.77118,-5.49860e-17,2.73030e-17
199.92582,-5.15370e-17,2.74290e-17
200.08047,-5.81240e-17,2.66060e-17
200.23511,-4.57860e-17,2.69650e-17
200.38976,-4.51770e-17,2.72240e-17
200.54441,-3.31100e-17,2.74640e-17
200.69905,-4.01720e-17,2.69120e-17
200.85370,-4.09820e-17,2.70530e-17
201.00835,-5.94020e-17,2.58230e-17
201.16300,-7.96560e-17,2.44960e-17
201.31766,-2.67790e-17,2.73930e-17
201.47231,-2.87840e-17,2.66430e-17
201.62697,-6.18730e-17,2.49230e-17
201.78162,-2.72660e-17,2.69730e-17
201.93628,-2.88740e-17,2.64260e-17
202.09093,-3.49090e-17,2.62040e-17
202.24559,-4.76420e-17,2.46530e-17
202.40026,-1.07880e-17,2.67730e-17
202.55491,-5.60370e-17,2.45890e-17
202.70957,-4.67220e-17,2.46450e-17
202.86423,-5.21280e-17,2.44890e-17
203.01890,-4.02760e-17,2.49440e-17
203.17356,-2.40010e-17,2.59060e-17
203.32822,-4.23430e-17,2.46010e-17
203.48290,-5.92930e-17,2.34730e-17
203.63756,-2.10560e-17,2.51720e-17
203.79222,-4.57190e-17,2.38440e-17
203.94690,-5.24450e-17,2.28280e-17
204.10156,-2.14430e-17,2.49960e-17
204.25624,-4.41690e-17,2.36840e-17
204.41090,-7.91590e-17,2.17300e-17
204.56558,-5.49710e-17,2.26340e-17
204.72025,-3.73800e-17,2.36990e-17
204.87493,-2.37470e-17,2.38740e-17
205.02959,-3.66040e-17,2.31110e-17
205.18428,-2.50140e-17,2.34690e-17
205.33894,-4.20790e-17,2.28020e-17
205.49363,-3.61780e-17,2.31460e-17
205.64832,-4.69170e-17,2.21800e-17
205.80298,-3.13340e-17,2.30000e-17
205.95767,-1.43040e-17,2.39350e-17
206.11235,-2.53900e-17,2.33270e-17
206.26704,-4.20440e-17,2.19940e-17
206.42170,-1.65670e-17,2.34950e-17
206.57639,-2.61310e-17,2.29320e-17
206.73108,-1.83740e-17,2.33190e-17
206.88577,-6.06710e-17,2.06470e-17
207.04045,-1.40200e-17,2.27230e-17
207.19514,-1.96730e-17,2.22750e-17
207.34983,-5.54300e-17,2.03840e-17
207.50452,-5.62620e-17,2.06310e-17
207.65920,-4.08790e-17,2.06590e-17
207.81392,-4.55420e-17,2.02270e-17
207.96860,-2.63640e-17,2.17470e-17
208.12329,-1.66080e-17,2.21680e-17
208.27798,-1.72450e-17,2.20260e-17
208.43269,-9.51620e-18,2.21170e-17
208.58738,-2.93610e-17,2.07230e-17
208.74207,-4.21900e-17,2.04310e-17
208.89678,-4.61120e-17,1.99970e-17
209.05146,-5.04780e-17,1.97550e-17
209.20618,-3.24940e-17,2.01000e-17
209.36086,-2.66780e-17,2.04710e-17
209.51558,-1.00040e-17,2.15570e-17
209.67029,-1.81140e-17,2.09310e-17
209.82498,-3.92340e-17,1.93080e-17
209.97969,-3.92100e-17,1.96430e-17
210.13440,-1.80680e-17,2.04110e-17
210.28909,-3.99160e-17,1.92290e-17
210.44380,-2.17870e-17,1.99760e-17
210.59851,-3.07350e-17,1.94430e-17
210.75322,-4.83500e-17,1.87570e-17
210.90793,-3.49440e-17,1.93610e-17
211.06265,-1.89110e-17,1.99690e-17
211.21736,-1.11540e-17,2.01070e-17
211.37207,-3.17010e-17,1.90240e-17
211.52678,-3.83350e-17,1.87900e-17
211.68149,-2.85630e-17,1.93250e-17
211.83621,-3.96400e-18,2.04070e-17
211.99092,-5.42830e-17,1.74390e-17
212.14565,-3.34160e-17,1.77690e-17
212.30037,-2.10970e-17,1.91090e-17
212.45508,7.23880e-18,2.06040e-17
212.60981,-1.21400e-17,1.94040e-17
212.76453,-4.10650e-17,1.80920e-17
212.91924,-1.27180e-18,1.98810e-17
213.07397,-8.59960e-18,1.86780e-17
213.22869,-1.00790e-17,1.95460e-17
213.38342,1.57750e-18,1.97540e-17
213.53813,-1.75380e-18,1.95260e-17
213.69287,-2.26560e-17,1.85350e-17
213.84761,-6.31410e-19,1.90130e-17
214.00232,5.34290e-18,1.97900e-17
214.15706,-6.72020e-18,1.87330e-17
214.31179,-2.02210e-17,1.83300e-17
214.46653,-2.63310e-17,1.78500e-17
214.62126,-1.54330e-17,1.84560e-17
214.77598,5.03340e-18,1.93620e-17
214.93071,-2.23620e-17,1.77880e-17
215.08545,-1.30620e-17,1.82850e-17
215.24019,-6.85250e-18,1.85080e-17
215.39492,-1.29020e-17,1.82010e-17
215.54966,-1.10570e-17,1.80290e-17
215.70439,-4.16850e-17,1.60330e-17
215.85916,-2.71690e-17,1.70430e-17
216.01389,-1.19260e-17,1.77900e-17
216.16863,-1.36560e-18,1.83290e-17
216.32336,-1.66130e-17,1.74180e-17
216.47813,-1.39260e-17,1.73860e-17
216.63286,-4.70590e-18,1.78690e-17
216.78760,-1.66230e-17,1.70880e-17
216.94236,-2.21480e-17,1.67660e-17
217.09709,-7.87750e-18,1.74990e-17
217.25186,-9.02920e-18,1.74420e-17
217.40659,-1.20650e-17,1.70800e-17
217.56135,-1.55910e-17,1.70700e-17
217.71609,-2.42740e-17,1.65400e-17
217.87085,-3.12080e-17,1.59370e-17
218.02561,-3.24720e-17,1.59850e-17
218.18035,-2.44330e-17,1.63100e-17
218.33511,-1.47280e-17,1.67030e-17
218.48987,-8.46580e-19,1.73270e-17
218.64463,1.66800e-18,1.71470e-17
218.79939,3.65530e-18,1.73420e-17
218.95413,5.74870e-19,1.71710e-17
219.10889,-4.78910e-17,1.41440e-17
219.26365,-3.28330e-17,1.55260e-17
219.41841,-9.64660e-18,1.63930e-17
219.57317,-2.18750e-17,1.59330e-17
219.72795,-1.94320e-17,1.59720e-17
219.88271,-2.63680e-17,1.55330e-17
220.03748,-2.31240e-17,1.54070e-17
220.19224,-2.22080e-17,1.61670e-17
220.34700,2.86700e-18,1.72110e-17
220.50178,-3.73280e-18,1.66380e-17
220.65654,-1.76620e-17,1.57870e-17
220.81130,1.47040e-17,1.72000e-17
220.96609,-1.42590e-18,1.64310e-17
221.12085,-8.56870e-18,1.60870e-17
221.27563,2.36330e-17,1.74640e-17
221.43040,5.86400e-18,1.64780e-17
221.58518,-1.49790e-17,1.57190e-17
221.73994,-3.66900e-18,1.61540e-17
221.89473,1.75160e-17,1.67310e-17
222.04949,-6.88600e-18,1.57050e-17
222.20427,-6.50720e-18,1.58880e-17
222.35906,1.00880e-17,1.65740e-17
222.51384,3.35350e-17,1.73000e-17
222.66863,8.40350e-18,1.61670e-17
222.82339,-4.21830e-18,1.59180e-17
222.97817,-1.52370e-17,1.52120e-17
223.13296,9.62600e-18,1.63590e-17
223.28774,2.95560e-18,1.55860e-17
223.44253,-1.48780e-17,1.49290e-17
223.59731,-6.07650e-18,1.55530e-17
223.75210,2.31280e-17,1.65860e-17
223.90688,2.53970e-17,1.70180e-17
224.06169,1.17260e-17,1.59830e-17
224.21648,-9.67410e-18,1.48390e-17
224.37126,2.05360e-18,1.57280e-17
224.52605,-1.24830e-17,1.49000e-17
224.68086,4.92290e-18,1.57810e-17
224.83564,3.65800e-17,1.70560e-17
224.99043,1.18680e-17,1.59700e-17
225.14524,5.68810e-19,1.53950e-17
225.30002,8.64730e-19,1.54530e-17
225.45483,2.26850e-18,1.55050e-17
225.60962,1.77890e-17,1.60610e-17
225.76443,9.11740e-18,1.57480e-17
225.91921,-6.44840e-18,1.50740e-17
226.07402,1.50570e-17,1.60480e-17
226.22883,1.32610e-17,1.57630e-17
226.38364,1.15090e-17,1.57130e-17
226.53843,2.53680e-17,1.64850e-17
226.69324,-6.22960e-18,1.48040e-17
226.84805,5.51200e-18,1.53040e-17
227.00286,1.40660e-17,1.57120e-17
227.15767,1.82500e-17,1.58310e-17
227.31248,2.06620e-17,1.56800e-17
227.46729,-9.94650e-18,1.45690e-17
227.62209,-7.76050e-19,1.45420e-17
227.77690,-3.42840e-18,1.45360e-17
227.93171,2.44190e-17,1.61640e-17
228.08652,2.60730e-17,1.61910e-17
228.24133,-4.55420e-18,1.46160e-17
228.39614,-4.17190e-18,1.45960e-17
228.55098,1.97550e-18,1.49890e-17
228.70579,4.66870e-18,1.48260e-17
228.86060,-9.69450e-18,1.43460e-17
229.01543,8.47500e-18,1.53000e-17
229.17024,1.84050e-17,1.54290e-17
229.32507,1.18390e-17,1.52560e-17
229.47988,1.83290e-17,1.54080e-17
229.63472,1.61020e-17,1.53940e-17
229.78953,1.12580e-18,1.42620e-17
229.94436,-1.90090e-17,1.34250e-17
230.09917,-2.06420e-18,1.42910e-17
230.25400,1.35560e-17,1.49570e-17
230.40884,1.45620e-17,1.50790e-17
230.56367,4.97160e-19,1.44380e-17
230.71848,-6.89100e-18,1.38920e-17
230.87332,-1.07420e-18,1.42890e-17
231.02815,1.32350e-17,1.49170e-17
231.18298,-8.66070e-19,1.41240e-17
231.33782,5.08780e-18,1.44820e-17
231.49265,2.33700e-18,1.44060e-17
231.64749,3.02040e-17,1.54170e-17
231.80232,1.54160e-17,1.49860e-17
231.95715,3.19850e-18,1.42610e-17
232.11199,2.84820e-17,1.54070e-17
232.26682,1.97560e-17,1.49820e-17
232.42168,-5.72820e-18,1.37280e-17
232.57651,2.61360e-18,1.42410e-17
232.73135,4.16810e-17,1.59530e-17
232.88621,3.69880e-17,1.58980e-17
233.04104,2.56410e-17,1.53150e-17
233.19587,4.53580e-18,1.40050e-17
233.35073,1.40830e-17,1.46750e-17
233.50557,2.25980e-17,1.49050e-17
233.66042,2.17120e-17,1.48580e-17
233.81526,1.98960e-17,1.47610e-17
233.97012,1.25970e-17,1.43690e-17
234.12498,-5.49130e-19,1.38590e-17
234.27981,6.59620e-18,1.41250e-17
234.43467,-1.33970e-18,1.35440e-17
234.58953,-1.89060e-17,1.28140e-17
234.74438,-1.98010e-18,1.37430e-17
234.89922,2.04650e-17,1.47450e-17
235.05408,1.43040e-17,1.43550e-17
235.20894,-1.08190e-18,1.37090e-17
235.36379,1.65780e-17,1.44670e-17
235.51865,2.69870e-17,1.47350e-17
235.67351,2.11210e-17,1.48010e-17
235.82837,4.20350e-17,1.56880e-17
235.98323,4.74240e-17,1.58020e-17
236.13809,2.92540e-18,1.36680e-17
236.29294,-1.07240e-17,1.29750e-17
236.44783,2.79570e-17,1.49230e-17
236.60269,3.89080e-17,1.53280e-17
236.75754,1.20410e-17,1.40710e-17
236.91243,4.19850e-18,1.37030e-17
237.06729,1.10310e-17,1.41190e-17
237.22214,1.46550e-17,1.42180e-17
237.37703,8.94310e-18,1.39680e-17
237.53188,1.32120e-17,1.42070e-17
237.68677,2.18990e-17,1.43320e-17
237.84163,3.83170e-17,1.52640e-17
237.99651,1.72780e-17,1.43290e-17
238.15137,1.21540e-17,1.39990e-17
238.30625,3.81960e-18,1.32160e-17
238.46113,2.35690e-18,1.35560e-17
238.61602,6.01850e-18,1.35090e-17
238.77087,6.60470e-18,1.36580e-17
238.92576,4.81550e-18,1.36270e-17
239.08064,6.71770e-18,1.37820e-17
239.23552,1.91840e-17,1.41740e-17
239.39041,1.54790e-17,1.39190e-17
239.54529,1.83250e-17,1.40210e-17
239.70017,2.07300e-18,1.32390e-17
239.85505,7.30810e-18,1.35550e-17
240.00994,2.65390e-17,1.43970e-17
240.16482,2.53760e-17,1.44560e-17
240.31970,1.18840e-17,1.36610e-17
240.47458,1.91410e-17,1.40780e-17
240.62949,1.20530e-17,1.36840e-17
240.78438,3.58470e-17,1.46950e-17
240.93926,2.49860e-17,1.41740e-17
241.09417,2.18770e-17,1.40930e-17
241.24905,1.71500e-17,1.37300e-17
241.40393,1.07410e-17,1.34720e-17
241.55884,1.75520e-17,1.38240e-17
241.71372,3.71530e-17,1.47280e-17
241.86863,3.35270e-17,1.44520e-17
242.02351,2.29470e-17,1.40530e-17
242.17842,2.71420e-17,1.41910e-17
242.33333,3.76210e-17,1.46600e-17
242.48821,1.96680e-17,1.36350e-17
242.64312,-4.76380e-18,1.27480e-17
242.79802,2.49900e-17,1.41490e-17
242.95293,4.47310e-17,1.51250e-17
243.10784,3.08940e-17,1.36410e-17
243.26272,3.66480e-17,1.45020e-17
243.41763,3.32050e-17,1.44580e-17
243.57253,3.22410e-17,1.42600e-17
243.72744,2.50880e-17,1.39730e-17
243.88235,3.52350e-17,1.44010e-17
244.03726,5.86710e-17,1.54230e-17
244.19219,4.87040e-17,1.50700e-17
244.34709,4.64510e-17,1.50770e-17
244.50200,5.11530e-17,1.51980e-17
244.65691,6.76690e-17,1.58550e-17
244.81182,6.56710e-17,1.56490e-17
244.96675,5.81610e-17,1.51830e-17
245.12166,4.80880e-17,1.49280e-17
245.27656,5.38460e-17,1.51620e-17
245.43149,5.29400e-17,1.49010e-17
245.58640,5.76050e-17,1.53230e-17
245.74133,4.15330e-17,1.46720e-17
245.89624,3.40640e-17,1.41090e-17
246.05117,3.21140e-17,1.41810e-17
246.20608,4.22770e-17,1.46270e-17
246.36101,4.76540e-17,1.48430e-17
246.51594,5.08480e-17,1.48260e-17
246.67087,3.41450e-17,1.40120e-17
246.82578,3.17740e-17,1.39750e-17
246.98071,4.30290e-17,1.43980e-17
247.13564,4.26340e-17,1.43030e-17
247.29058,4.19650e-17,1.43920e-17
247.44551,4.39590e-17,1.43860e-17
247.60044,5.90900e-17,1.50810e-17
247.75537,5.74220e-17,1.50680e-17
247.91030,4.19930e-17,1.44070e-17
248.06523,5.40460e-17,1.48000e-17
248.22017,4.29320e-17,1.43100e-17
248.37510,4.38270e-17,1.43340e-17
248.53003,3.91990e-17,1.42330e-17
248.68496,3.59160e-17,1.39400e-17
248.83992,3.45880e-17,1.39220e-17
248.99485,4.64060e-17,1.45980e-17
249.14978,3.23290e-17,1.37840e-17
249.30474,3.82580e-17,1.40290e-17
249.45967,3.88080e-17,1.41240e-17
249.61462,5.31000e-17,1.48460e-17
249.76956,3.69290e-17,1.40130e-17
249.92451,4.00880e-17,1.40230e-17
250.07944,4.54970e-17,1.43610e-17
250.23440,6.62770e-17,1.48920e-17
250.38933,3.46360e-17,1.39550e-17
250.54429,3.36100e-17,1.38040e-17
250.69924,5.09970e-17,1.44990e-17
250.85417,3.31580e-17,1.38780e-17
251.00913,1.62420e-17,1.25660e-17
251.16409,1.79780e-17,1.29500e-17
251.31904,2.55950e-17,1.34270e-17
251.47400,3.30370e-17,1.36250e-17
251.62896,2.89930e-17,1.36790e-17
251.78391,4.64700e-17,1.43240e-17
251.93887,5.01290e-17,1.44550e-17
252.09382,3.76880e-17,1.39880e-17
252.24878,3.61490e-17,1.37110e-17
252.40374,3.84060e-17,1.38900e-17
252.55869,2.92170e-17,1.35300e-17
252.71365,4.71010e-17,1.42540e-17
252.86863,5.07880e-17,1.44800e-17
253.02358,4.59280e-17,1.41050e-17
253.17854,2.68320e-17,1.33220e-17
253.33352,3.12520e-17,1.35000e-17
253.48848,3.75920e-17,1.36180e-17
253.64346,4.96710e-17,1.41860e-17
253.79841,3.14210e-17,1.34150e-17
253.95339,3.68230e-17,1.37260e-17
254.10835,4.64280e-17,1.39530e-17
254.26333,5.80330e-17,1.45040e-17
254.41829,4.59050e-17,1.40770e-17
254.57327,4.44580e-17,1.40470e-17
254.72825,6.42780e-17,1.48210e-17
254.88320,7.06130e-17,1.51970e-17
255.03818,5.46820e-17,1.45040e-17
255.19316,4.90150e-17,1.42510e-17
255.34814,6.20510e-17,1.46300e-17
255.50313,6.26550e-17,1.48230e-17
255.65811,5.95630e-17,1.45480e-17
255.81309,8.52610e-17,1.56770e-17
255.96807,8.33820e-17,1.56060e-17
256.12305,7.14070e-17,1.50260e-17
256.27803,6.48670e-17,1.48940e-17
256.43301,6.95630e-17,1.49610e-17
256.58799,8.52870e-17,1.56080e-17
256.74297,9.76760e-17,1.61380e-17
256.89797,8.10320e-17,1.53280e-17
257.05295,7.18000e-17,1.51450e-17
257.20793,9.24350e-17,1.59390e-17
257.36294,8.90610e-17,1.57480e-17
257.51792,9.57270e-17,1.58130e-17
257.67290,1.02280e-16,1.60260e-17
257.82791,8.73660e-17,1.57100e-17
257.98289,7.84550e-17,1.53240e-17
258.13789,9.03160e-17,1.57270e-17
258.29290,9.01820e-17,1.57360e-17
258.44788,7.87760e-17,1.50410e-17
258.60288,6.97120e-17,1.50170e-17
258.75789,8.35440e-17,1.54940e-17
258.91287,1.07930e-16,1.64350e-17
259.06787,1.22640e-16,1.66330e-17
259.22288,1.11540e-16,1.65150e-17
259.37788,1.00300e-16,1.62290e-17
259.53289,9.96190e-17,1.61390e-17
259.68789,9.61740e-17,1.59230e-17
259.84290,7.97640e-17,1.51060e-17
259.99790,9.37970e-17,1.53250e-17
260.15291,7.63340e-17,1.53240e-17
260.30791,7.58770e-17,1.50770e-17
260.46292,9.31610e-17,1.58010e-17
260.61792,9.44260e-17,1.59520e-17
260.77292,8.35980e-17,1.55130e-17
260.92793,7.23920e-17,1.50800e-17
261.08296,7.79310e-17,1.52410e-17
261.23796,7.44810e-17,1.52630e-17
261.39297,7.85460e-17,1.54750e-17
261.54800,9.11910e-17,1.58690e-17
261.70300,7.66010e-17,1.51000e-17
261.85803,8.14090e-17,1.53470e-17
262.01304,7.97430e-17,1.52740e-17
262.16807,8.04440e-17,1.54030e-17
262.32307,9.20400e-17,1.60380e-17
262.47810,8.57530e-17,1.57260e-17
262.63311,8.74280e-17,1.57290e-17
262.78813,9.06050e-17,1.58780e-17
262.94316,8.70260e-17,1.56290e-17
263.09819,8.55780e-17,1.55370e-17
263.25320,7.59310e-17,1.51460e-17
263.40823,1.00150e-16,1.59830e-17
263.56326,1.16900e-16,1.68710e-17
263.71829,1.62980e-16,1.84610e-17
263.87332,1.59700e-16,1.82510e-17
264.02834,1.56370e-16,1.80700e-17
264.18337,1.75510e-16,1.87780e-17
264.33840,1.87430e-16,1.92080e-17
264.49343,1.90220e-16,1.94920e-17
264.64846,1.83770e-16,1.90180e-17
264.80352,1.69220e-16,1.84730e-17
264.95854,1.77570e-16,1.89620e-17
265.11357,1.99000e-16,1.95730e-17
265.26860,2.02060e-16,1.96950e-17
265.42366,2.13660e-16,2.01390e-17
265.57869,2.38330e-16,2.08360e-17
265.73374,2.31640e-16,2.04110e-17
265.88877,2.41500e-16,2.08780e-17
266.04382,2.07150e-16,1.98180e-17
266.19885,2.15470e-16,2.01650e-17
266.35391,2.08140e-16,1.98870e-17
266.50894,1.96620e-16,1.94470e-17
266.66399,2.12690e-16,2.01390e-17
266.81904,1.87710e-16,1.92250e-17
266.97407,2.17510e-16,2.02180e-17
267.12913,2.26120e-16,2.05730e-17
267.28418,2.36700e-16,2.07970e-17
267.43923,2.20380e-16,2.02400e-17
267.59429,2.07990e-16,1.98540e-17
267.74934,2.30040e-16,2.05960e-17
267.90439,2.33900e-16,2.06190e-17
268.05945,2.08480e-16,1.99290e-17
268.21450,1.98380e-16,1.95920e-17
268.36956,1.89810e-16,1.93780e-17
268.52461,2.13570e-16,2.01390e-17
268.67966,2.32610e-16,2.07870e-17
268.83472,2.56280e-16,2.14020e-17
268.98977,2.24110e-16,2.05340e-17
269.14485,2.06630e-16,2.00100e-17
269.29990,1.85610e-16,1.93880e-17
269.45496,2.07250e-16,1.99330e-17
269.61003,2.15110e-16,2.02180e-17
269.76509,2.22850e-16,2.05120e-17
269.92014,1.98340e-16,1.97690e-17
270.07522,2.01010e-16,1.98980e-17
270.23027,2.23210e-16,2.06500e-17
270.38535,2.23070e-16,2.05770e-17
270.54043,2.33580e-16,2.07310e-17
270.69548,2.26650e-16,2.07150e-17
270.85056,2.01030e-16,1.97060e-17
271.00564,2.21280e-16,2.02800e-17
271.16069,2.04690e-16,2.00620e-17
271.31577,1.94800e-16,1.96720e-17
271.47085,2.01020e-16,1.99600e-17
271.62593,2.05900e-16,1.98440e-17
271.78101,1.98460e-16,1.97060e-17
271.93608,1.72300e-16,1.90010e-17
272.09116,1.63660e-16,1.83500e-17
272.24624,1.72690e-16,1.90660e-17
272.40132,1.78350e-16,1.91740e-17
272.55640,1.74380e-16,1.91870e-17
272.71147,1.95210e-16,2.00080e-17
272.86655,1.65240e-16,1.89480e-17
273.02166,1.92130e-16,1.96430e-17
273.17673,2.22060e-16,2.08280e-17
273.33181,2.15020e-16,2.03750e-17
273.48689,1.72880e-16,1.91760e-17
273.64199,1.52970e-16,1.84840e-17
273.79707,1.76960e-16,1.94070e-17
273.95217,1.71850e-16,1.91730e-17
274.10725,1.56100e-16,1.87400e-17
274.26235,1.33100e-16,1.79140e-17
274.41743,1.29340e-16,1.77930e-17
274.57253,1.41240e-16,1.81660e-17
274.72764,1.64890e-16,1.90000e-17
274.88271,1.63150e-16,1.89870e-17
275.03782,1.44550e-16,1.85460e-17
275.19292,1.84750e-16,1.95380e-17
275.34800,2.01140e-16,2.03050e-17
275.50310,1.77850e-16,1.95440e-17
275.65820,1.55540e-16,1.86870e-17
275.81331,1.89990e-16,1.98200e-17
275.96841,1.72170e-16,1.93700e-17
276.12351,1.92820e-16,2.01170e-17
276.27861,1.67600e-16,1.90850e-17
276.43372,1.86920e-16,1.96260e-17
276.58882,1.74550e-16,1.91580e-17
276.74392,1.75690e-16,1.94770e-17
276.89905,1.82480e-16,1.98650e-17
277.05415,1.56940e-16,1.90370e-17
277.20925,1.64700e-16,1.91000e-17
277.36436,1.70840e-16,1.93250e-17
277.51948,1.77820e-16,1.96430e-17
277.67458,1.76510e-16,1.97700e-17
277.82969,1.63600e-16,1.93180e-17
277.98481,1.54840e-16,1.90570e-17
278.13992,1.59120e-16,1.92750e-17
278.29504,1.55630e-16,1.91340e-17
278.45015,1.50490e-16,1.89600e-17
278.60527,1.42410e-16,1.83610e-17
278.76040,1.07710e-16,1.74820e-17
278.91550,1.04430e-16,1.73630e-17
279.07063,1.00640e-16,1.73170e-17
279.22576,8.38990e-17,1.66980e-17
279.38088,9.91860e-17,1.72540e-17
279.53599,9.35140e-17,1.70630e-17
279.69111,8.24740e-17,1.66730e-17
279.84624,8.71030e-17,1.68590e-17
280.00137,9.13380e-17,1.70040e-17
280.15649,1.06880e-16,1.77210e-17
280.31162,8.07080e-17,1.66340e-17
280.46675,1.06800e-16,1.76410e-17
280.62187,6.91340e-17,1.63400e-17
280.77700,7.22670e-17,1.63040e-17
280.93215,8.96200e-17,1.71710e-17
281.08728,8.31600e-17,1.69090e-17
281.24241,1.12570e-16,1.80830e-17
281.39753,1.19630e-16,1.82020e-17
281.55269,1.19760e-16,1.80700e-17
281.70781,1.32100e-16,1.86200e-17
281.86294,1.34130e-16,1.87990e-17
282.01809,1.57110e-16,1.94690e-17
282.17322,1.24900e-16,1.83580e-17
282.32837,1.63740e-16,1.99020e-17
282.48350,1.78000e-16,2.05450e-17
282.63865,1.74630e-16,2.02610e-17
282.79380,1.70800e-16,2.00320e-17
282.94893,1.82810e-16,2.05180e-17
283.10408,1.89390e-16,2.06340e-17
283.25923,2.16420e-16,2.16690e-17
283.41436,2.28490e-16,2.22060e-17
283.56951,2.17700e-16,2.17260e-17
283.72466,2.28050e-16,2.23750e-17
283.87981,2.41340e-16,2.25230e-17
284.03496,2.14230e-16,2.16950e-17
284.19011,2.10950e-16,2.16030e-17
284.34526,2.23190e-16,2.21990e-17
284.50042,2.15910e-16,2.20200e-17
284.65557,1.96600e-16,2.14170e-17
284.81072,1.90300e-16,2.11390e-17
284.96587,1.45310e-16,1.96430e-17
285.12104,1.46810e-16,1.96840e-17
285.27620,1.26100e-16,1.90050e-17
285.43135,1.18070e-16,1.88750e-17
285.58652,1.72900e-16,2.08560e-17
285.74167,2.18340e-16,2.21950e-17
285.89683,2.37460e-16,2.24460e-17
286.05200,2.28920e-16,2.28020e-17
286.20715,2.27430e-16,2.26550e-17
286.36233,2.60230e-16,2.37630e-17
286.51748,2.89600e-16,2.49370e-17
286.67266,3.06730e-16,2.51940e-17
286.82781,3.22190e-16,2.57050e-17
286.98298,3.02130e-16,2.54260e-17
287.13816,2.79760e-16,2.44110e-17
287.29333,2.88520e-16,2.48380e-17
287.44849,2.81430e-16,2.47630e-17
287.60366,2.41490e-16,2.36370e-17
287.75884,2.69280e-16,2.45800e-17
287.91401,2.51650e-16,2.38390e-17
288.06919,2.86040e-16,2.51250e-17
288.22437,2.56700e-16,2.41260e-17
288.37954,2.81100e-16,2.50920e-17
288.53472,2.93930e-16,2.54860e-17
288.68989,3.25500e-16,2.64310e-17
288.84507,3.31980e-16,2.65960e-17
289.00024,2.87840e-16,2.54500e-17
289.15542,3.11920e-16,2.61370e-17
289.31062,3.48540e-16,2.70510e-17
289.46580,3.42570e-16,2.69590e-17
289.62097,3.14490e-16,2.63250e-17
289.77617,4.01000e-16,2.87820e-17
289.93135,4.08770e-16,2.90760e-17
290.08655,3.93850e-16,2.89390e-17
290.24172,3.91010e-16,2.87010e-17
290.39692,3.64260e-16,2.81700e-17
290.55210,3.89960e-16,2.88130e-17
290.70730,4.07580e-16,2.94030e-17
290.86248,4.22940e-16,3.00430e-17
291.01768,4.22550e-16,3.01270e-17
291.17288,4.30320e-16,3.03810e-17
291.32805,4.36040e-16,3.06080e-17
291.48325,4.13430e-16,3.00650e-17
291.63845,4.03460e-16,2.98140e-17
291.79365,4.17730e-16,3.03880e-17
291.94885,4.16210e-16,2.99110e-17
292.10405,4.38010e-16,3.08320e-17
292.25925,4.30760e-16,3.08440e-17
292.41445,4.21270e-16,3.07250e-17
292.56965,4.46810e-16,3.15650e-17
292.72485,4.21220e-16,3.03730e-17
292.88005,4.22780e-16,3.06500e-17
293.03525,4.94630e-16,3.28980e-17
293.19045,4.40970e-16,3.11790e-17
293.34565,4.45720e-16,3.18320e-17
293.50088,4.23190e-16,3.12680e-17
293.65608,4.61370e-16,3.22640e-17
293.81128,4.51230e-16,3.22070e-17
293.96650,4.59060e-16,3.24710e-17
294.12170,4.84690e-16,3.31950e-17
294.27693,4.76650e-16,3.31090e-17
294.43213,4.84150e-16,3.32460e-17
294.58735,4.14420e-16,3.14090e-17
294.74255,3.73020e-16,3.04050e-17
294.89778,4.01040e-16,3.11680e-17
295.05300,4.14220e-16,3.15290e-17
295.20820,4.58050e-16,3.31020e-17
295.36343,4.28780e-16,3.22840e-17
295.51865,3.89260e-16,3.11640e-17
295.67388,4.56200e-16,3.31930e-17
295.82910,4.94410e-16,3.43010e-17
295.98430,4.55610e-16,3.34370e-17
296.13953,4.64190e-16,3.37540e-17
296.29475,4.20350e-16,3.24330e-17
296.44998,4.44460e-16,3.32980e-17
296.60520,3.52090e-16,3.08540e-17
296.76042,3.98230e-16,3.20840e-17
296.91567,3.73870e-16,3.21410e-17
297.07090,4.03190e-16,3.29360e-17
297.22612,4.11010e-16,3.31090e-17
297.38135,4.31000e-16,3.39020e-17
297.53657,4.36930e-16,3.41120e-17
297.69182,4.72850e-16,3.54700e-17
297.84705,5.04330e-16,3.66860e-17
298.00229,4.59370e-16,3.53960e-17
298.15752,4.52190e-16,3.51060e-17
298.31274,4.11460e-16,3.39570e-17
298.46799,4.09450e-16,3.41280e-17
298.62322,4.01700e-16,3.38220e-17
298.77847,4.20100e-16,3.46690e-17
298.93372,4.47690e-16,3.55020e-17
299.08894,5.09090e-16,3.77400e-17
299.24419,5.27350e-16,3.80380e-17
299.39944,4.80970e-16,3.69780e-17
299.55469,4.97220e-16,3.79600e-17
299.70991,5.29080e-16,3.86070e-17
299.86516,4.99030e-16,3.80120e-17
300.02041,4.95880e-16,3.81590e-17
300.17566,4.06120e-16,3.55720e-17
300.33091,3.89680e-16,3.55060e-17
300.48616,5.04930e-16,3.85440e-17
300.64141,5.10230e-16,3.91020e-17
300.79666,4.83990e-16,3.86930e-17
300.95190,4.88060e-16,3.90480e-17
301.10715,5.59000e-16,4.09680e-17
301.26243,6.11050e-16,4.27260e-17
301.41768,5.59920e-16,4.13800e-17
301.57292,5.47220e-16,4.10750e-17
301.72817,5.59240e-16,4.16550e-17
301.88345,4.54020e-16,3.87570e-17
302.03870,4.53570e-16,3.94400e-17
302.19397,4.33360e-16,3.88790e-17
302.34922,4.85710e-16,4.06580e-17
302.50449,5.00400e-16,4.08770e-17
302.65974,5.07100e-16,4.11340e-17
302.81501,5.33930e-16,4.21940e-17
302.97026,5.93850e-16,4.42520e-17
303.12554,5.36470e-16,4.25080e-17
303.28081,5.13040e-16,4.22150e-17
303.43606,5.57740e-16,4.40110e-17
303.59133,6.43300e-16,4.69660e-17
303.74661,6.37410e-16,4.67580e-17
303.90188,5.42340e-16,4.40200e-17
304.05715,5.26330e-16,4.38680e-17
304.21243,5.52790e-16,4.49440e-17
304.36770,6.13490e-16,4.72090e-17
304.52297,5.95300e-16,4.68720e-17
304.67825,6.44990e-16,4.79960e-17
304.83352,5.85970e-16,4.69380e-17
304.98879,5.93690e-16,4.70690e-17
305.14407,5.99790e-16,4.78790e-17
305.29934,6.01850e-16,4.83770e-17
305.45461,5.92220e-16,4.80640e-17
305.60991,5.40570e-16,4.67350e-17
305.76519,4.89510e-16,4.59380e-17
305.92046,4.71650e-16,4.55550e-17
306.07576,4.81000e-16,4.58580e-17
306.23103,5.08040e-16,4.71920e-17
306.38633,4.44410e-16,4.51950e-17
306.69045,4.34000e-16,6.82860e-17
306.96504,3.36370e-16,6.58170e-17
307.23965,5.77970e-16,6.91450e-17
307.51423,5.42390e-16,6.79920e-17
307.78884,4.47950e-16,6.59590e-17
308.06343,6.47770e-16,6.75970e-17
308.33804,5.74770e-16,6.54810e-17
308.61265,3.59590e-16,6.27870e-17
308.88726,6.62040e-16,6.64340e-17
309.16187,4.37870e-16,6.71390e-17
309.43647,3.54530e-16,7.82630e-17
309.71108,4.68260e-16,6.23870e-17
309.98572,5.01430e-16,6.63720e-17
310.26033,4.84560e-16,6.52920e-17
310.53494,5.84400e-16,6.27460e-17
310.80957,6.04790e-16,6.30370e-17
311.08420,5.72430e-16,6.16930e-17
311.35881,6.59210e-16,6.38340e-17
311.63345,4.26130e-16,6.36900e-17
311.90808,4.85520e-16,7.02240e-17
312.18271,5.54420e-16,6.23300e-17
312.45735,5.08340e-16,6.22760e-17
312.73198,4.78060e-16,5.99810e-17
313.00662,5.65020e-16,6.08350e-17
313.28127,3.42640e-16,6.32750e-17
313.55591,4.32430e-16,7.32000e-17
313.83057,6.90680e-16,6.23380e-17
314.10520,5.58550e-16,6.38820e-17
314.37986,5.24550e-16,5.87880e-17
314.65449,4.28260e-16,5.65380e-17
314.92915,4.67900e-16,5.67710e-17
315.20381,6.73400e-16,6.01240e-17
315.47847,4.85250e-16,5.86770e-17
315.75313,4.98460e-16,5.70110e-17
316.02778,5.34350e-16,5.76660e-17
316.30247,4.90630e-16,5.55420e-17
316.57712,4.08730e-16,5.53230e-17
316.85178,6.30870e-16,5.92370e-17
317.12646,5.45020e-16,5.63980e-17
317.40112,6.85120e-16,5.75430e-17
317.67581,7.83500e-16,5.90470e-17
317.95049,5.59160e-16,5.43480e-17
318.22515,7.04060e-16,5.59280e-17
318.49983,6.19010e-16,5.48610e-17
318.77451,5.54070e-16,5.34910e-17
319.04919,5.64140e-16,5.41990e-17
319.32388,5.94110e-16,5.36820e-17
319.59856,4.70720e-16,5.28980e-17
319.87327,7.78370e-16,5.56530e-17
320.14795,8.19910e-16,7.53020e-17
320.42263,8.91970e-16,9.70090e-17
320.69734,8.08510e-16,5.51850e-17
320.97202,8.04970e-16,5.86950e-17
321.24673,5.87410e-16,6.29880e-17
321.52144,7.42110e-16,8.28290e-17
321.79614,6.59940e-16,5.17510e-17
322.07083,7.53440e-16,5.35170e-17
322.34553,7.55920e-16,5.33620e-17
322.62024,7.14900e-16,5.25270e-17
322.89495,5.99520e-16,5.11890e-17
323.16968,6.49750e-16,5.11070e-17
323.44438,6.06360e-16,4.96760e-17
323.71909,6.46150e-16,4.91760e-17
323.99382,7.59550e-16,5.11470e-17
324.26853,6.77840e-16,5.01220e-17
324.54326,7.29900e-16,5.20590e-17
324.81797,9.16700e-16,5.26850e-17
325.09270,6.96210e-16,4.99840e-17
325.36743,7.54760e-16,5.04720e-17
325.64214,8.37230e-16,5.17410e-17
325.91687,8.91650e-16,5.21450e-17
326.19160,8.69770e-16,5.12510e-17
326.46633,9.28140e-16,5.22150e-17
326.74106,9.05950e-16,5.21030e-17
327.01580,1.01470e-15,5.23610e-17
327.29055,9.42080e-16,5.25710e-17
327.56528,8.57970e-16,5.04260e-17
327.84001,1.00630e-15,5.17660e-17
328.11477,8.33570e-16,4.99050e-17
328.38950,8.27320e-16,4.92980e-17
328.66426,9.81460e-16,5.16120e-17
328.93901,8.88130e-16,5.03710e-17
329.21375,9.98240e-16,5.22930e-17
329.48850,1.03770e-15,5.24170e-17
329.76326,9.86530e-16,5.12800e-17
330.03801,9.41860e-16,5.20750e-17
330.31277,1.00870e-15,5.21130e-17
330.58752,9.56970e-16,5.00380e-17
330.86228,1.02260e-15,5.05020e-17
331.13704,9.62240e-16,5.09720e-17
331.41182,9.67910e-16,5.28140e-17
331.68657,9.01770e-16,4.89750e-17
331.96133,9.92580e-16,5.08660e-17
332.23611,8.98900e-16,4.89860e-17
332.51086,9.03050e-16,4.98890e-17
332.78564,9.89400e-16,5.00000e-17
333.06042,9.44540e-16,5.07550e-17
333.33518,8.94600e-16,4.79650e-17
333.60996,9.47690e-16,4.85620e-17
333.88474,8.70120e-16,4.71370e-17
334.15952,9.78070e-16,4.84480e-17
334.43430,9.47660e-16,4.81850e-17
334.70908,9.35770e-16,4.85550e-17
334.98386,8.85290e-16,4.65290e-17
335.25864,8.41860e-16,4.62450e-17
335.53345,9.19220e-16,4.76310e-17
335.80823,8.04120e-16,5.31290e-17
336.08301,3.43930e-16,5.76300e-17
336.35781,6.88790e-16,4.53460e-17
336.63259,8.67400e-16,4.69610e-17
336.90740,8.53610e-16,4.62420e-17
337.18218,7.59200e-16,4.40940e-17
337.45698,7.73970e-16,4.47200e-17
337.73179,8.17070e-16,4.57870e-17
338.00659,8.96910e-16,4.60790e-17
338.28137,8.22270e-16,4.47610e-17
338.55618,7.56350e-16,4.34730e-17
338.83098,8.45930e-16,4.53510e-17
339.10579,8.98390e-16,4.59330e-17
339.38059,9.87100e-16,4.61670e-17
339.65540,1.01480e-15,4.66360e-17
339.93022,1.06510e-15,5.10930e-17
340.20503,1.08340e-15,5.98620e-17
340.47983,1.15760e-15,5.61000e-17
340.75466,1.14400e-15,8.86460e-17
341.02947,9.93630e-16,4.51490e-17
341.30430,1.13660e-15,4.98510e-17
341.57910,9.74450e-16,4.54600e-17
341.85393,1.09660e-15,4.72250e-17
342.12874,1.25030e-15,4.90810e-17
342.40356,1.11590e-15,4.60790e-17
342.67839,1.18790e-15,4.72070e-17
342.95322,1.14080e-15,4.83980e-17
343.22805,1.08420e-15,4.66590e-17
343.50288,1.19450e-15,4.64920e-17
343.77771,1.18360e-15,4.61320e-17
344.05254,1.08330e-15,4.50150e-17
344.32737,1.11660e-15,4.58240e-17
344.60220,1.04290e-15,4.49190e-17
344.87703,1.02600e-15,4.43670e-17
345.15186,1.20490e-15,5.16240e-17
345.42671,1.24130e-15,6.31330e-17
345.70154,1.19500e-15,4.89760e-17
345.97637,1.16340e-15,5.12750e-17
346.25122,1.06660e-15,4.39480e-17
346.52607,1.03370e-15,4.35810e-17
346.80090,1.21450e-15,4.53390e-17
347.07576,1.19110e-15,4.52020e-17
347.35059,1.17730e-15,4.58290e-17
347.62544,1.14290e-15,4.64440e-17
347.90029,1.03200e-15,4.33140e-17
348.17515,1.10760e-15,4.69430e-17
348.45000,1.16870e-15,5.34020e-17
348.72485,1.16810e-15,4.42270e-17
348.99971,1.23030e-15,4.75060e-17
349.27456,1.24580e-15,4.73460e-17
349.54941,1.14840e-15,4.84310e-17
349.82427,1.14530e-15,5.67410e-17
350.09912,1.17330e-15,4.38430e-17
350.37397,1.20450e-15,4.47110e-17
350.64885,1.28350e-15,4.61030e-17
350.92371,1.24440e-15,4.57730e-17
351.19856,1.22190e-15,4.54990e-17
351.47344,1.25290e-15,4.50770e-17
351.74829,1.19390e-15,4.39700e-17
352.02317,1.23820e-15,4.43080e-17
352.29802,1.25360e-15,4.46070e-17
352.57290,1.24160e-15,4.46650e-17
352.84775,1.18600e-15,4.39130e-17
353.12263,1.28840e-15,4.49710e-17
353.39751,1.27520e-15,4.45890e-17
353.67239,1.31140e-15,4.44170e-17
353.94727,1.32100e-15,4.46920e-17
354.22212,1.33890e-15,4.49540e-17
354.49700,1.33370e-15,4.46870e-17
354.77188,1.37660e-15,4.52080e-17
355.04675,1.39830e-15,4.57630e-17
355.32163,1.35400e-15,4.44890e-17
355.59653,1.33750e-15,4.41740e-17
355.87141,1.34850e-15,4.43030e-17
356.14629,1.34780e-15,4.44620e-17
356.42117,1.41590e-15,4.61380e-17
356.69604,1.35230e-15,4.55100e-17
356.97095,1.22300e-15,4.31080e-17
357.24583,1.16620e-15,4.24150e-17
357.52070,1.11120e-15,4.12920e-17
357.79561,1.12020e-15,4.12660e-17
358.07048,1.28080e-15,4.29990e-17
358.34539,1.12840e-15,4.13650e-17
358.62026,1.13470e-15,4.14760e-17
358.89517,1.09590e-15,4.08100e-17
359.17007,1.12040e-15,4.14870e-17
359.44495,1.32300e-15,4.40520e-17
359.71985,1.38240e-15,4.63560e-17
359.99475,1.44940e-15,4.45130e-17
360.26965,1.42460e-15,4.54950e-17
360.54456,1.29190e-15,4.30230e-17
360.81943,1.29280e-15,4.29200e-17
361.09434,1.38570e-15,4.38740e-17
361.36924,1.23980e-15,4.25760e-17
361.64414,1.30330e-15,4.28710e-17
361.91904,1.29480e-15,4.25980e-17
362.19395,1.24000e-15,4.28190e-17
362.46885,1.28290e-15,4.47490e-17
362.74377,1.45560e-15,4.56000e-17
363.01868,1.38270e-15,4.42070e-17
363.29358,1.35930e-15,4.47750e-17
363.56848,1.29320e-15,4.28860e-17
363.84341,1.35690e-15,4.23350e-17
364.11831,1.48390e-15,4.34500e-17
364.39321,1.45810e-15,4.32650e-17
364.66814,1.39170e-15,4.24290e-17
364.94304,1.26040e-15,4.09580e-17
365.21797,1.30720e-15,4.15170e-17
365.49287,1.35760e-15,4.18150e-17
365.76780,1.54960e-15,4.36180e-17
366.04270,1.55400e-15,4.40940e-17
366.31763,1.61410e-15,4.49660e-17
366.59253,1.60650e-15,4.43280e-17
366.86746,1.52500e-15,4.45950e-17
367.14238,1.47990e-15,4.36880e-17
367.41729,1.49030e-15,4.23930e-17
367.69221,1.45750e-15,4.21540e-17
367.96714,1.54050e-15,4.29500e-17
368.24207,1.49600e-15,4.23810e-17
368.51699,1.50610e-15,4.25420e-17
368.79189,1.53040e-15,4.40510e-17
369.06682,1.50450e-15,4.28950e-17
369.34175,1.45990e-15,4.22600e-17
369.61667,1.63410e-15,4.30590e-17
369.89160,1.58080e-15,4.24600e-17
370.16653,1.64840e-15,4.29760e-17
370.44146,1.75740e-15,4.37490e-17
370.71641,1.57210e-15,4.18210e-17
370.99133,1.49400e-15,4.11760e-17
371.26626,1.56900e-15,4.15700e-17
371.54119,1.64410e-15,4.21400e-17
371.81611,1.72850e-15,4.26570e-17
372.09104,1.64950e-15,4.18280e-17
372.36599,1.44480e-15,3.96460e-17
372.64092,1.49260e-15,4.01600e-17
372.91584,1.62220e-15,4.16730e-17
373.19080,1.53730e-15,4.13450e-17
373.46572,1.51760e-15,4.07590e-17
373.74065,1.45910e-15,3.93850e-17
374.01560,1.39120e-15,3.85180e-17
374.29053,1.63270e-15,4.06610e-17
374.56548,1.74700e-15,4.17150e-17
374.84041,1.46470e-15,3.88140e-17
375.11536,1.40100e-15,3.84530e-17
375.39028,1.53090e-15,3.92040e-17
375.66523,1.71490e-15,4.07900e-17
375.94016,1.77700e-15,4.12300e-17
376.21511,1.69070e-15,4.01890e-17
376.49006,1.55110e-15,3.89400e-17
376.76499,1.77000e-15,4.07580e-17
377.03994,1.64200e-15,3.97430e-17
377.31489,1.65970e-15,3.94870e-17
377.58982,1.78710e-15,4.01610e-17
377.86477,1.76680e-15,4.00700e-17
378.13972,1.86920e-15,4.13180e-17
378.41467,1.94700e-15,4.31870e-17
378.68962,1.90670e-15,4.07620e-17
378.96455,1.81320e-15,4.05130e-17
379.23950,1.72250e-15,3.88120e-17
379.51445,1.70410e-15,3.88870e-17
379.78940,1.68180e-15,3.87630e-17
380.06436,1.69170e-15,3.82100e-17
380.33931,1.73470e-15,3.83630e-17
380.61426,1.84020e-15,3.91010e-17
380.88921,1.99960e-15,4.03570e-17
381.16416,1.94210e-15,4.04260e-17
381.43911,1.93080e-15,4.19350e-17
381.71406,1.81290e-15,3.99170e-17
381.98901,1.77440e-15,3.81260e-17
382.26396,1.71130e-15,3.75140e-17
382.53892,1.71380e-15,3.72390e-17
382.81387,1.60930e-15,3.67120e-17
383.08882,1.54630e-15,3.56990e-17
383.36377,1.52070e-15,3.60210e-17
383.63875,1.49990e-15,3.46840e-17
383.91370,1.51460e-15,3.46570e-17
384.18865,1.50780e-15,3.52130e-17
384.46360,1.62460e-15,3.78790e-17
384.73855,1.75300e-15,3.64510e-17
385.01353,1.81660e-15,3.84820e-17
385.28848,1.79540e-15,3.95160e-17
385.56343,1.77530e-15,3.78300e-17
385.83838,1.76460e-15,3.87020e-17
386.11335,1.69350e-15,3.54520e-17
386.38831,1.74300e-15,3.57270e-17
386.66326,1.80120e-15,3.60630e-17
386.93823,1.90070e-15,3.67320e-17
387.21318,1.77830e-15,3.56890e-17
387.48813,1.65770e-15,3.47540e-17
387.76311,1.70040e-15,3.55300e-17
388.03806,1.76810e-15,3.55580e-17
388.31301,1.64020e-15,3.39500e-17
388.58799,1.65820e-15,3.41200e-17
388.86294,1.63470e-15,3.38450e-17
389.13792,1.64990e-15,3.40120e-17
389.41287,1.68050e-15,3.43060e-17
389.68784,1.80140e-15,3.50370e-17
389.96279,1.79460e-15,3.59860e-17
390.23774,1.83660e-15,3.80720e-17
390.51272,1.81700e-15,3.63860e-17
390.78767,1.80120e-15,3.55320e-17
391.06265,1.80390e-15,3.55860e-17
391.33760,1.84950e-15,3.49310e-17
391.61257,1.92460e-15,3.53810e-17
391.88755,1.86570e-15,3.46780e-17
392.16250,1.76040e-15,3.40640e-17
392.43748,1.69380e-15,3.35300e-17
392.71243,1.56160e-15,3.31720e-17
392.98740,1.37940e-15,3.03190e-17
393.26235,1.02100e-15,2.70640e-17
393.53733,7.89380e-16,2.46660e-17
393.81228,7.27940e-16,2.39640e-17
394.08726,9.63080e-16,2.62940e-17
394.36223,1.22540e-15,2.89720e-17
394.63718,1.44960e-15,3.06040e-17
394.91216,1.59100e-15,3.17010e-17
395.18711,1.57180e-15,3.14400e-17
395.46209,1.66730e-15,3.25370e-17
395.73706,1.70800e-15,3.27390e-17
396.01201,1.76820e-15,3.29270e-17
396.28699,1.75150e-15,3.25620e-17
396.56196,1.54130e-15,3.07150e-17
396.83691,1.18410e-15,2.76650e-17
397.11189,8.82550e-16,2.48180e-17
397.38684,9.38800e-16,2.52800e-17
397.66182,1.31600e-15,2.90160e-17
397.93679,1.70720e-15,3.26860e-17
398.21174,1.96200e-15,3.36680e-17
398.48672,2.02320e-15,3.40560e-17
398.76169,2.06390e-15,3.42800e-17
399.03665,2.14990e-15,3.47360e-17
399.31162,2.29220e-15,3.55180e-17
399.58660,2.26890e-15,3.54680e-17
399.86155,2.37970e-15,3.59820e-17
400.13652,2.28190e-15,3.52200e-17
400.41150,2.39990e-15,3.61910e-17
400.68645,2.45010e-15,3.99880e-17
400.96143,2.37890e-15,4.62230e-17
401.23640,2.39470e-15,3.59330e-17
401.51135,2.45930e-15,3.66040e-17
401.78633,2.45690e-15,3.67190e-17
402.06130,2.47720e-15,3.61960e-17
402.33625,2.51200e-15,3.71740e-17
402.61123,2.42140e-15,3.57890e-17
402.88621,2.59570e-15,3.71250e-17
403.16116,2.57570e-15,3.77060e-17
403.43613,2.48190e-15,3.69170e-17
403.71111,2.40170e-15,3.57020e-17
403.98606,2.51240e-15,3.66740e-17
404.26104,2.62050e-15,3.69200e-17
404.53601,2.53630e-15,3.64240e-17
404.81096,2.41830e-15,3.55510e-17
405.08594,2.34340e-15,3.48720e-17
405.36089,2.46240e-15,3.57090e-17
405.63586,2.52230e-15,3.60060e-17
405.91084,2.49770e-15,3.58750e-17
406.18579,2.56520e-15,3.62540e-17
406.46077,2.53700e-15,3.59400e-17
406.73574,2.53590e-15,3.58730e-17
407.01069,2.53550e-15,3.58470e-17
407.28567,2.60450e-15,3.62150e-17
407.56062,2.57000e-15,3.58670e-17
407.83560,2.51890e-15,3.56150e-17
408.11055,2.41270e-15,3.48090e-17
408.38552,2.54470e-15,3.58550e-17
408.66050,2.60360e-15,3.63240e-17
408.93545,2.61330e-15,3.62420e-17
409.21042,2.70100e-15,3.69150e-17
409.48538,2.73910e-15,3.68170e-17
409.76035,2.73760e-15,3.67380e-17
410.03530,2.67410e-15,3.63600e-17
410.31025,2.52020e-15,3.53980e-17
410.58525,2.44810e-15,3.51390e-17
410.86021,2.58620e-15,3.56840e-17
411.13516,2.66300e-15,3.61280e-17
411.41011,2.65080e-15,3.63110e-17
411.68511,2.70680e-15,3.71410e-17
411.96006,2.75360e-15,3.67190e-17
412.23501,2.68160e-15,3.63310e-17
412.50996,2.62050e-15,3.57440e-17
412.78491,2.66710e-15,3.62180e-17
413.05991,2.64370e-15,3.58470e-17
413.33486,2.68480e-15,3.60670e-17
413.60981,2.60230e-15,3.55710e-17
413.88477,2.66720e-15,3.59650e-17
414.15972,2.75560e-15,3.63600e-17
414.43472,2.78420e-15,3.66830e-17
414.70967,2.61830e-15,3.53910e-17
414.98462,2.76250e-15,3.61800e-17
415.25957,2.74770e-15,3.60630e-17
415.53452,2.63880e-15,3.54550e-17
415.80947,2.65550e-15,3.55640e-17
416.08442,2.71730e-15,3.59340e-17
416.35942,2.82400e-15,3.64540e-17
416.63437,2.77040e-15,3.62820e-17
416.90933,2.86680e-15,3.69420e-17
417.18428,2.75750e-15,3.61940e-17
417.45923,2.69730e-15,3.56050e-17
417.73418,2.59460e-15,3.50050e-17
418.00913,2.63120e-15,3.50460e-17
418.28408,2.65700e-15,3.51320e-17
418.55903,2.72390e-15,3.56600e-17
418.83398,2.70450e-15,3.56390e-17
419.10894,2.67770e-15,3.55920e-17
419.38389,2.63590e-15,3.50320e-17
419.65884,2.73420e-15,3.54410e-17
419.93379,2.65230e-15,3.50460e-17
420.20874,2.65010e-15,3.49110e-17
420.48369,2.63720e-15,3.51640e-17
420.75864,2.62190e-15,3.58640e-17
421.03359,2.68870e-15,3.51260e-17
421.30854,2.76490e-15,3.61750e-17
421.58350,2.76120e-15,3.58560e-17
421.85845,2.75800e-15,3.65830e-17
422.13340,2.69780e-15,3.56990e-17
422.40835,2.80490e-15,3.56840e-17
422.68330,2.64810e-15,3.46190e-17
422.95825,2.50940e-15,3.38810e-17
423.23320,2.57560e-15,3.41370e-17
423.50815,2.73020e-15,3.50060e-17
423.78306,2.71820e-15,3.50440e-17
424.05801,2.59890e-15,3.42490e-17
424.33296,2.65870e-15,3.49230e-17
424.60791,2.70830e-15,3.53460e-17
424.88286,2.66420e-15,3.49930e-17
425.15781,2.65090e-15,3.44580e-17
425.43271,2.61740e-15,3.42320e-17
425.70767,2.72490e-15,3.48000e-17
425.98262,2.74520e-15,3.50430e-17
426.25757,2.75860e-15,3.56680e-17
426.53252,2.77280e-15,3.57320e-17
426.80742,2.79240e-15,3.53560e-17
427.08237,2.79540e-15,3.52950e-17
427.35732,2.61660e-15,3.49120e-17
427.63223,2.48600e-15,3.39200e-17
427.90718,2.53780e-15,3.37110e-17
428.18213,2.69270e-15,3.55940e-17
428.45703,2.55200e-15,3.77700e-17
428.73198,2.55230e-15,3.46750e-17
429.00693,2.45280e-15,3.43200e-17
429.28184,2.40200e-15,3.26170e-17
429.55679,2.41070e-15,3.27450e-17
429.83174,2.36440e-15,3.27540e-17
430.10664,2.24320e-15,3.34580e-17
430.38159,2.05710e-15,3.01560e-17
430.65649,1.95930e-15,2.97750e-17
430.93145,1.97520e-15,3.02870e-17
431.20635,1.94410e-15,2.94660e-17
431.48130,1.98230e-15,2.97020e-17
431.75620,2.24940e-15,3.12190e-17
432.03115,2.67980e-15,3.39850e-17
432.30605,2.81330e-15,3.44150e-17
432.58101,2.64940e-15,3.35110e-17
432.85591,2.53080e-15,3.28930e-17
433.13086,2.63920e-15,3.34790e-17
433.40576,2.88060e-15,3.46990e-17
433.68066,2.91770e-15,3.50760e-17
433.95562,2.81590e-15,3.45350e-17
434.23052,2.62670e-15,3.32240e-17
434.50542,2.50430e-15,3.25910e-17
434.78037,2.71570e-15,3.36860e-17
435.05527,2.83250e-15,3.42560e-17
435.33018,2.82950e-15,3.43280e-17
435.60513,2.77730e-15,3.40240e-17
435.88003,2.85880e-15,3.43400e-17
436.15493,2.90780e-15,3.46760e-17
436.42983,2.87280e-15,3.43940e-17
436.70474,2.91020e-15,3.45310e-17
436.97969,2.93520e-15,3.46770e-17
437.25459,2.85660e-15,3.41370e-17
437.52949,2.82970e-15,3.41020e-17
437.80439,2.90020e-15,3.44380e-17
438.07930,2.84090e-15,3.42180e-17
438.35420,2.83770e-15,3.45810e-17
438.62910,2.83370e-15,3.38690e-17
438.90400,2.77120e-15,3.34860e-17
439.17891,2.85400e-15,3.39060e-17
439.45386,2.90750e-15,3.42490e-17
439.72876,2.84660e-15,3.37920e-17
440.00366,2.95420e-15,3.43770e-17
440.27852,2.95480e-15,3.44420e-17
440.55342,2.85870e-15,3.57520e-17
440.82832,3.00870e-15,3.57960e-17
441.10322,2.96440e-15,3.44920e-17
441.37813,3.01700e-15,3.50380e-17
441.65303,3.08840e-15,3.62340e-17
441.92793,3.06620e-15,3.50860e-17
442.20283,3.08270e-15,3.54370e-17
442.47773,3.10040e-15,3.49900e-17
442.75259,3.16060e-15,3.59310e-17
443.02749,3.08950e-15,3.67910e-17
443.30239,3.19960e-15,3.65540e-17
443.57729,3.12190e-15,3.49900e-17
443.85215,3.11210e-15,3.49910e-17
444.12705,3.12540e-15,3.48820e-17
444.40195,3.19070e-15,3.51990e-17
444.67681,3.05870e-15,3.44960e-17
444.95171,3.05840e-15,3.45100e-17
445.22661,3.09120e-15,3.45890e-17
445.50146,3.15400e-15,3.47660e-17
445.77637,3.14910e-15,3.48810e-17
446.05122,3.11040e-15,3.50460e-17
446.32612,3.10530e-15,3.49800e-17
446.60098,3.11150e-15,3.45100e-17
446.87588,3.11240e-15,3.45850e-17
447.15073,3.17510e-15,3.48000e-17
447.42563,3.12780e-15,3.46680e-17
447.70049,3.20350e-15,3.48840e-17
447.97534,3.27050e-15,3.52380e-17
448.25024,3.37870e-15,3.58670e-17
448.52510,3.31770e-15,3.55810e-17
448.79995,3.29050e-15,3.54320e-17
449.07485,3.34280e-15,3.56310e-17
449.34971,3.35370e-15,3.87730e-17
449.62456,3.33270e-15,4.46130e-17
449.89941,3.34400e-15,3.55180e-17
450.17432,3.32180e-15,3.54380e-17
450.44917,3.41770e-15,3.59030e-17
450.72402,3.38760e-15,3.56900e-17
450.99888,3.47950e-15,3.60120e-17
451.27373,3.50840e-15,3.63250e-17
451.54858,3.47880e-15,3.70010e-17
451.82344,3.41380e-15,3.57210e-17
452.09829,3.33220e-15,3.52640e-17
452.37314,3.40650e-15,3.59010e-17
452.64800,3.35790e-15,3.61280e-17
452.92285,3.27910e-15,3.50640e-17
453.19771,3.21420e-15,3.49670e-17
453.47256,3.13310e-15,3.44290e-17
453.74741,3.14780e-15,3.47410e-17
454.02227,3.17910e-15,3.45050e-17
454.29712,3.37320e-15,3.55300e-17
454.57192,3.42290e-15,3.56460e-17
454.84678,3.35550e-15,3.55400e-17
455.12163,3.29510e-15,3.58460e-17
455.39648,3.28000e-15,3.49780e-17
455.67129,3.20470e-15,3.50090e-17
455.94614,3.26240e-15,3.52580e-17
456.22100,3.42040e-15,3.57120e-17
456.49580,3.45850e-15,3.57700e-17
456.77065,3.39280e-15,3.54200e-17
457.04551,3.39170e-15,3.53950e-17
457.32031,3.45460e-15,3.56510e-17
457.59517,3.42940e-15,3.55620e-17
457.86997,3.43330e-15,3.56140e-17
458.14478,3.39570e-15,3.56540e-17
458.41963,3.42440e-15,3.55880e-17
458.69443,3.36430e-15,3.52930e-17
458.96929,3.39100e-15,3.54200e-17
459.24409,3.36520e-15,3.53080e-17
459.51890,3.44320e-15,3.56500e-17
459.79375,3.43780e-15,3.56600e-17
460.06855,3.50180e-15,3.58490e-17
460.34336,3.44130e-15,3.56020e-17
460.61816,3.48910e-15,3.58240e-17
460.89302,3.49290e-15,3.58490e-17
461.16782,3.53650e-15,3.60200e-17
461.44263,3.62150e-15,3.64880e-17
461.71743,3.52400e-15,3.63040e-17
461.99224,3.47420e-15,3.57420e-17
462.26704,3.49780e-15,3.59220e-17
462.54185,3.54970e-15,3.61020e-17
462.81665,3.55080e-15,3.61880e-17
463.09146,3.54230e-15,3.61310e-17
463.36626,3.52560e-15,3.60270e-17
463.64106,3.65370e-15,3.67600e-17
463.91582,3.54630e-15,3.62980e-17
464.19063,3.59360e-15,3.64120e-17
464.46543,3.55100e-15,3.62950e-17
464.74023,3.62170e-15,3.65460e-17
465.01504,3.60720e-15,3.64870e-17
465.28979,3.53400e-15,3.65230e-17
465.56460,3.47980e-15,3.71380e-17
465.83940,3.51800e-15,3.62420e-17
466.11416,3.51760e-15,3.71710e-17
466.38896,3.57200e-15,3.63050e-17
466.66372,3.63120e-15,3.69340e-17
466.93853,3.56820e-15,3.62690e-17
467.21328,3.48210e-15,3.58240e-17
467.48809,3.52040e-15,3.60720e-17
467.76284,3.54110e-15,3.61470e-17
468.03760,3.70610e-15,3.75270e-17
468.31240,3.61620e-15,3.83850e-17
468.58716,3.58590e-15,3.69280e-17
468.86191,3.65150e-15,3.66850e-17
469.13672,3.65110e-15,3.67890e-17
469.41147,3.62720e-15,3.66070e-17
469.68623,3.67220e-15,3.69620e-17
469.96099,3.67750e-15,3.68550e-17
470.23574,3.72420e-15,3.70500e-17
470.51050,3.62870e-15,3.65770e-17
470.78525,3.54990e-15,3.62390e-17
471.06001,3.49590e-15,3.59480e-17
471.33477,3.57040e-15,3.63200e-17
471.60952,3.66200e-15,3.67850e-17
471.88428,3.57850e-15,3.66040e-17
472.15903,3.66290e-15,3.69030e-17
472.43379,3.61580e-15,3.68480e-17
472.70854,3.64760e-15,3.71860e-17
472.98330,3.68870e-15,3.69810e-17
473.25801,3.66530e-15,3.72310e-17
473.53276,3.64950e-15,3.69190e-17
473.80752,3.58970e-15,3.65240e-17
474.08223,3.60610e-15,3.64200e-17
474.35698,3.60340e-15,3.67520e-17
474.63174,3.59930e-15,3.73050e-17
474.90645,3.59790e-15,3.64890e-17
475.18120,3.63200e-15,3.70520e-17
475.45591,3.71480e-15,3.70670e-17
475.73066,3.64140e-15,3.68250e-17
476.00537,3.66400e-15,3.69660e-17
476.28008,3.58820e-15,3.65190e-17
476.55483,3.63780e-15,3.68350e-17
476.82954,3.61060e-15,3.66570e-17
477.10425,3.52760e-15,3.62710e-17
477.37896,3.61310e-15,3.67430e-17
477.65366,3.66390e-15,3.67390e-17
477.92842,3.63510e-15,3.66480e-17
478.20312,3.71150e-15,3.69650e-17
478.47783,3.74030e-15,3.71870e-17
478.75254,3.68650e-15,3.73360e-17
479.02725,3.72140e-15,3.85570e-17
479.30195,3.59810e-15,3.65320e-17
479.57666,3.64110e-15,3.69890e-17
479.85132,3.71300e-15,3.73220e-17
480.12603,3.70490e-15,3.76370e-17
480.40073,3.68950e-15,3.93480e-17
480.67544,3.73430e-15,3.76140e-17
480.95015,3.69650e-15,3.99140e-17
481.22480,3.73000e-15,3.69190e-17
481.49951,3.72500e-15,3.69300e-17
481.77422,3.73400e-15,3.70300e-17
482.04888,3.74700e-15,3.69180e-17
482.32358,3.76350e-15,3.70440e-17
482.59824,3.73480e-15,3.68350e-17
482.87295,3.72430e-15,3.67660e-17
483.14761,3.72290e-15,3.67300e-17
483.42227,3.73800e-15,3.67900e-17
483.69697,3.71260e-15,3.73490e-17
483.97163,3.73850e-15,3.91330e-17
484.24629,3.65210e-15,3.63510e-17
484.52095,3.67130e-15,3.69930e-17
484.79565,3.71730e-15,3.67130e-17
485.07031,3.69890e-15,3.65200e-17
485.34497,3.70150e-15,3.66060e-17
485.61963,3.75480e-15,3.68900e-17
485.89429,3.65580e-15,3.62020e-17
486.16895,3.52540e-15,3.56290e-17
486.44360,3.24260e-15,3.43090e-17
486.71826,3.27560e-15,3.43400e-17
486.99287,3.51630e-15,3.56560e-17
487.26753,3.62850e-15,3.61080e-17
487.54219,3.58650e-15,3.59100e-17
487.81685,3.58250e-15,3.61970e-17
488.09146,3.61330e-15,3.59850e-17
488.36611,3.62600e-15,3.60360e-17
488.64077,3.62040e-15,3.59000e-17
488.91538,3.64400e-15,3.61730e-17
489.19004,3.57050e-15,3.61210e-17
489.46465,3.57480e-15,3.58680e-17
489.73931,3.60830e-15,3.61330e-17
490.01392,3.77490e-15,3.71990e-17
490.28853,3.79030e-15,3.67110e-17
490.56318,3.74640e-15,3.67110e-17
490.83779,3.73990e-15,3.64150e-17
491.11240,3.75400e-15,3.63730e-17
491.38701,3.75930e-15,3.64950e-17
491.66162,3.73560e-15,3.65570e-17
491.93623,3.76730e-15,3.64680e-17
492.21084,3.64610e-15,3.59480e-17
492.48545,3.59310e-15,3.59860e-17
492.76006,3.70130e-15,3.80050e-17
493.03467,3.74950e-15,3.75770e-17
493.30928,3.77940e-15,3.64370e-17
493.58389,3.81300e-15,3.66090e-17
493.85850,3.68550e-15,3.58910e-17
494.13306,3.66600e-15,3.58100e-17
494.40767,3.63760e-15,3.57920e-17
494.68228,3.73400e-15,3.60940e-17
494.95684,3.86400e-15,3.77160e-17
495.23145,3.81880e-15,4.05230e-17
495.50601,3.83650e-15,3.93720e-17
495.78062,3.84540e-15,3.65730e-17
496.05518,3.82660e-15,3.65540e-17
496.32979,3.76070e-15,3.61790e-17
496.60435,3.78340e-15,3.62260e-17
496.87891,3.75760e-15,3.61170e-17
497.15347,3.69280e-15,3.57830e-17
497.42808,3.81420e-15,3.63930e-17
497.70264,3.77530e-15,3.61280e-17
497.97720,3.81470e-15,3.64090e-17
498.25176,3.75700e-15,3.61190e-17
498.52632,3.66320e-15,3.56750e-17
498.80088,3.69270e-15,3.58550e-17
499.07544,3.67910e-15,3.62150e-17
499.34995,3.75840e-15,3.74280e-17
499.62451,3.73830e-15,3.60630e-17
499.89907,3.75570e-15,3.60420e-17
500.17363,3.71790e-15,3.59200e-17
500.44814,3.66060e-15,3.57200e-17
500.72271,3.68320e-15,3.57320e-17
500.99727,3.67240e-15,3.56800e-17
501.27178,3.69670e-15,3.56210e-17
501.54634,3.75850e-15,3.59490e-17
501.82085,3.59600e-15,3.61370e-17
502.09536,3.70930e-15,3.86800e-17
502.36992,3.71710e-15,3.58800e-17
502.64443,3.73530e-15,3.67050e-17
502.91895,3.77550e-15,3.60950e-17
503.19346,3.83560e-15,3.60800e-17
503.46797,3.82070e-15,3.60740e-17
503.74253,3.82860e-15,3.61550e-17
504.01704,3.75650e-15,3.56930e-17
504.29155,3.70010e-15,3.55600e-17
504.56606,3.61630e-15,3.53080e-17
504.84053,3.71550e-15,3.54600e-17
505.11504,3.83580e-15,3.61840e-17
505.38955,3.73500e-15,3.57050e-17
505.66406,3.72330e-15,3.55360e-17
505.93853,3.87570e-15,3.62690e-17
506.21304,3.90420e-15,3.63350e-17
506.48755,3.86520e-15,3.63800e-17
506.76201,3.94000e-15,3.79430e-17
507.03652,3.80420e-15,3.76270e-17
507.31099,3.82500e-15,3.70040e-17
507.58545,3.84150e-15,3.71840e-17
507.85996,3.83360e-15,3.59550e-17
508.13442,3.71710e-15,3.54540e-17
508.40889,3.73420e-15,3.54840e-17
508.68335,3.68430e-15,3.51780e-17
508.95786,3.76750e-15,3.56440e-17
509.23232,3.89720e-15,3.61180e-17
509.50679,3.84420e-15,3.58380e-17
509.78125,3.86020e-15,3.59490e-17
510.05571,3.83470e-15,3.58340e-17
510.33013,3.76550e-15,3.55600e-17
510.60459,3.84110e-15,3.58410e-17
510.87905,3.88240e-15,3.60430e-17
511.15352,3.76910e-15,3.54600e-17
511.42793,3.71850e-15,3.52260e-17
511.70239,3.89390e-15,3.61020e-17
511.97681,3.93450e-15,3.60900e-17
512.25127,3.89020e-15,3.60390e-17
512.52568,3.88970e-15,3.60530e-17
512.80015,3.79490e-15,3.54730e-17
513.07456,3.68330e-15,3.49550e-17
513.34897,3.78180e-15,3.53870e-17
513.62344,3.77530e-15,3.54240e-17
513.89785,3.84160e-15,3.56220e-17
514.17227,3.81210e-15,3.56020e-17
514.44668,3.68450e-15,3.50260e-17
514.72109,3.71150e-15,3.50940e-17
514.99551,3.75620e-15,3.52900e-17
515.26992,3.76150e-15,3.56240e-17
515.54434,3.78360e-15,3.63340e-17
515.81870,3.77210e-15,3.52910e-17
516.09312,3.89560e-15,3.59200e-17
516.36753,3.91570e-15,3.60030e-17
516.64189,3.79320e-15,3.53630e-17
516.91631,3.66350e-15,3.47980e-17
517.19072,3.42360e-15,3.36920e-17
517.46509,3.46260e-15,3.39260e-17
517.73945,3.58650e-15,3.45020e-17
518.01387,3.74350e-15,3.51350e-17
518.28823,3.85630e-15,3.57400e-17
518.56260,3.65080e-15,3.47650e-17
518.83696,3.48550e-15,3.40430e-17
519.11138,3.60050e-15,3.46540e-17
519.38574,3.64750e-15,3.49050e-17
519.66011,3.70550e-15,3.53260e-17
519.93447,3.75380e-15,3.54360e-17
520.20879,3.76590e-15,3.54710e-17
520.48315,3.73830e-15,3.53270e-17
520.75752,3.70720e-15,3.51420e-17
521.03188,3.66840e-15,3.49850e-17
521.30620,3.67040e-15,3.49980e-17
521.58057,3.79720e-15,3.56280e-17
521.85493,3.82350e-15,3.56770e-17
522.12925,3.82100e-15,3.55960e-17
522.40356,3.85100e-15,3.57900e-17
522.67793,3.81050e-15,3.59870e-17
522.95225,3.80350e-15,3.65610e-17
523.22656,3.75830e-15,3.53550e-17
523.50093,3.78200e-15,3.55440e-17
523.77524,3.81730e-15,3.60190e-17
524.04956,3.87490e-15,3.58510e-17
524.32388,3.91720e-15,3.64320e-17
524.59819,3.83150e-15,3.57790e-17
524.87251,3.89620e-15,3.60030e-17
525.14683,3.86030e-15,3.65080e-17
525.42109,3.88450e-15,3.79830e-17
525.69541,3.87330e-15,3.59820e-17
525.96973,3.91020e-15,3.61550e-17
526.24399,3.86470e-15,3.59080e-17
526.51831,3.84480e-15,3.58580e-17
526.79258,3.62110e-15,3.48560e-17
527.06689,3.63770e-15,3.48740e-17
527.34116,3.69170e-15,3.51250e-17
527.61543,3.68820e-15,3.52310e-17
527.88975,3.81090e-15,3.59400e-17
528.16401,3.82700e-15,3.60270e-17
528.43828,3.83480e-15,3.60560e-17
528.71255,3.88610e-15,3.63420e-17
528.98682,3.88210e-15,3.65820e-17
529.26108,3.93970e-15,3.83100e-17
529.53535,4.01020e-15,3.72130e-17
529.80962,3.92950e-15,3.63450e-17
530.08384,3.95230e-15,3.67200e-17
530.35811,3.90090e-15,3.61740e-17
530.63237,3.91210e-15,3.65380e-17
530.90659,3.99560e-15,3.72780e-17
531.18086,4.06430e-15,3.70660e-17
531.45508,4.02780e-15,3.81360e-17
531.72935,4.02200e-15,3.67440e-17
532.00356,4.02640e-15,3.67820e-17
532.27778,3.92080e-15,3.64680e-17
532.55200,3.89090e-15,3.63560e-17
532.82627,3.84830e-15,3.62460e-17
533.10049,3.85200e-15,3.61940e-17
533.37471,3.80260e-15,3.63560e-17
533.64893,3.91840e-15,3.72310e-17
533.92314,3.95740e-15,3.66890e-17
534.19731,3.92860e-15,3.66410e-17
534.47153,3.91420e-15,3.68520e-17
534.74575,3.91150e-15,3.75530e-17
535.01992,3.97060e-15,3.68290e-17
535.29414,4.01440e-15,3.74130e-17
535.56831,4.05280e-15,3.74920e-17
535.84253,4.05280e-15,3.79530e-17
536.11670,4.08060e-15,3.74750e-17
536.39092,4.02120e-15,3.71580e-17
536.66509,3.96210e-15,3.69720e-17
536.93926,4.02520e-15,3.71750e-17
537.21343,3.87110e-15,3.65410e-17
537.48760,3.91140e-15,3.68460e-17
537.76177,3.86460e-15,3.69580e-17
538.03594,3.96460e-15,3.70790e-17
538.31011,4.02290e-15,3.74980e-17
538.58428,3.99060e-15,3.71060e-17
538.85840,3.96000e-15,3.71190e-17
539.13257,4.02850e-15,3.74190e-17
539.40674,3.90390e-15,3.69670e-17
539.68086,3.96360e-15,3.70790e-17
539.95503,3.94940e-15,3.72110e-17
540.22915,3.93710e-15,3.71430e-17
540.50327,3.97900e-15,3.74010e-17
540.77744,3.88290e-15,3.69480e-17
541.05156,3.78620e-15,3.63270e-17
541.32568,3.95280e-15,3.70630e-17
541.59980,3.96170e-15,3.71480e-17
541.87393,3.95100e-15,3.71230e-17
542.14805,3.92980e-15,3.70700e-17
542.42217,3.97240e-15,3.72530e-17
542.69624,4.00660e-15,3.74380e-17
542.97036,4.00460e-15,3.74160e-17
543.24448,3.97210e-15,3.72180e-17
543.51855,3.87610e-15,3.74950e-17
543.79268,3.94680e-15,3.89760e-17
544.06675,3.94950e-15,3.74600e-17
544.34087,4.03330e-15,3.76620e-17
544.61494,4.07240e-15,3.78020e-17
544.88901,3.99890e-15,3.75360e-17
545.16309,3.95510e-15,3.73720e-17
545.43716,3.99730e-15,3.75330e-17
545.71123,3.96000e-15,3.74820e-17
545.98530,4.02080e-15,3.77030e-17
546.25937,3.98120e-15,3.74730e-17
546.53345,4.00020e-15,3.75430e-17
546.80752,4.01550e-15,3.75550e-17
547.08159,4.05420e-15,3.77470e-17
547.35562,4.05960e-15,3.78250e-17
547.62969,4.01970e-15,3.75970e-17
547.90371,4.00220e-15,3.76120e-17
548.17778,3.89930e-15,3.71590e-17
548.45181,3.95200e-15,3.73430e-17
548.72583,4.00440e-15,3.76700e-17
548.99985,3.91090e-15,3.71500e-17
549.27393,4.02840e-15,3.76700e-17
549.54795,3.94030e-15,3.73740e-17
549.82197,4.03410e-15,3.76980e-17
550.09600,4.06040e-15,3.77600e-17
550.36997,4.03210e-15,3.76750e-17
550.64399,3.92180e-15,3.71470e-17
550.91802,4.02360e-15,3.77160e-17
551.19199,3.94870e-15,3.73050e-17
551.46602,3.93130e-15,3.72610e-17
551.73999,3.93460e-15,3.72310e-17
552.01401,4.02340e-15,3.76870e-17
552.28799,4.11440e-15,3.81040e-17
552.56196,4.02890e-15,3.77280e-17
552.83599,4.02450e-15,3.77070e-17
553.10996,3.89910e-15,3.71890e-17
553.38394,3.96600e-15,3.73620e-17
553.65791,3.96050e-15,3.74290e-17
553.93188,4.02570e-15,3.77110e-17
554.20586,4.06550e-15,3.79420e-17
554.47979,4.06330e-15,3.78840e-17
554.75376,4.10990e-15,3.81800e-17
555.02773,4.12640e-15,3.82670e-17
555.30166,4.12690e-15,3.83590e-17
555.57563,4.14920e-15,3.85730e-17
555.84956,4.11390e-15,3.83450e-17
556.12349,4.10280e-15,3.87090e-17
556.39746,4.04580e-15,3.98230e-17
556.67139,4.07200e-15,3.80340e-17
556.94531,4.00450e-15,3.87400e-17
557.21924,4.08390e-15,4.05130e-17
557.49316,4.11210e-15,4.56160e-17
557.76709,4.04710e-15,3.80790e-17
558.04097,4.07280e-15,4.01030e-17
558.31489,4.02440e-15,3.80070e-17
558.58882,3.93790e-15,3.78930e-17
558.86270,3.99750e-15,3.99400e-17
559.13662,3.96160e-15,4.39270e-17
559.41050,3.85720e-15,3.72170e-17
559.68442,3.88700e-15,3.98170e-17
559.95830,3.89980e-15,3.76500e-17
560.23218,3.91900e-15,3.74740e-17
560.50605,3.92410e-15,3.75560e-17
560.77993,3.94030e-15,3.75380e-17
561.05381,4.03090e-15,3.79030e-17
561.32769,4.10670e-15,3.82450e-17
561.60156,4.08820e-15,3.84140e-17
561.87544,4.12690e-15,3.94520e-17
562.14927,4.01130e-15,3.77910e-17
562.42314,4.05200e-15,3.79990e-17
562.69697,4.05120e-15,3.85770e-17
562.97085,4.04360e-15,3.92890e-17
563.24468,4.04820e-15,3.83160e-17
563.51855,4.05960e-15,3.88730e-17
563.79238,4.05840e-15,3.80910e-17
564.06621,4.00210e-15,3.81730e-17
564.34004,4.03330e-15,3.79080e-17
564.61387,4.09780e-15,3.81710e-17
564.88770,4.12190e-15,3.83550e-17
565.16152,4.15030e-15,3.84540e-17
565.43530,4.08260e-15,3.81600e-17
565.70913,4.09380e-15,3.82950e-17
565.98296,3.96810e-15,3.79700e-17
566.25674,3.94040e-15,3.89190e-17
566.53052,3.91460e-15,7.33510e-17
566.80435,3.92190e-15,7.65360e-17
